Time,Number of drops per frame,rain on ground
2025-11-06T06:46:50.398657,0.04,rain
2025-11-06T06:47:02.896000,0.04,rain
2025-11-06T06:47:15.270677,0.04,rain
2025-11-06T06:47:27.713648,0.04,rain
2025-11-06T06:47:40.110133,0.04,rain
2025-11-06T06:47:52.471533,0.04,rain
2025-11-06T06:48:04.927999,0.04,rain
2025-11-06T06:48:17.274787,0.04,rain
2025-11-06T06:48:29.637444,0.04,rain
2025-11-06T06:48:42.042412,0.04,rain
2025-11-06T06:48:54.410752,0.04,rain
2025-11-06T06:49:06.836043,0.04,rain
2025-11-06T06:49:19.415106,0.04,rain
2025-11-06T06:49:31.721212,0.04,rain
2025-11-06T06:49:44.256865,0.04,rain
2025-11-06T06:49:56.543983,0.04,rain
2025-11-06T06:50:08.971756,0.04,rain
2025-11-06T06:50:21.249487,0.04,rain
2025-11-06T06:50:33.658145,0.04,rain
2025-11-06T06:50:46.021716,0.04,rain
2025-11-06T06:50:58.575850,0.04,rain
2025-11-06T06:51:11.755452,0.04,rain
2025-11-06T06:51:24.948934,0.04,rain
2025-11-06T06:51:38.034913,0.04,rain
2025-11-06T06:51:50.210757,0.05,rain
2025-11-06T06:52:01.875686,0.05,rain
2025-11-06T06:52:13.569930,0.05,rain
2025-11-06T06:52:25.954241,0.05,rain
2025-11-06T06:52:38.382182,0.05,rain
2025-11-06T06:52:50.816397,0.05,rain
2025-11-06T06:53:03.252898,0.05,rain
2025-11-06T06:53:15.735094,0.05,rain
2025-11-06T06:53:28.263420,0.05,rain
2025-11-06T06:53:40.851785,0.05,rain
2025-11-06T06:53:53.440503,0.05,rain
2025-11-06T06:54:05.998967,0.05,rain
2025-11-06T06:54:18.711514,0.05,rain
2025-11-06T06:54:31.439480,0.05,rain
2025-11-06T06:54:43.743754,0.07,rain
2025-11-06T06:54:56.030410,0.07,rain
2025-11-06T06:55:08.436812,0.07,rain
2025-11-06T06:55:20.850307,0.07,rain
2025-11-06T06:55:33.325740,0.07,rain
2025-11-06T06:55:45.839642,0.07,rain
2025-11-06T06:55:58.296635,0.07,rain
2025-11-06T06:56:10.774777,0.07,rain
2025-11-06T06:56:23.295153,0.07,rain
2025-11-06T06:56:35.812492,0.07,rain
2025-11-06T06:56:47.848874,0.1,rain
2025-11-06T06:56:59.522136,0.1,rain
2025-11-06T06:57:10.979828,0.1,rain
2025-11-06T06:57:22.442126,0.1,rain
2025-11-06T06:57:34.001699,0.1,rain
2025-11-06T06:57:45.665686,0.1,rain
2025-11-06T06:57:57.536853,0.1,rain
2025-11-06T06:58:09.296159,0.1,rain
2025-11-06T06:58:21.133030,0.1,rain
2025-11-06T06:58:32.953004,0.1,rain
2025-11-06T06:58:44.813458,0.1,rain
2025-11-06T06:58:56.641236,0.1,rain
2025-11-06T06:59:08.528344,0.1,rain
2025-11-06T06:59:20.472608,0.1,rain
2025-11-06T06:59:32.452825,0.1,rain
2025-11-06T06:59:44.448812,0.1,rain
2025-11-06T06:59:56.459121,0.1,rain
2025-11-06T07:00:08.684280,0.1,rain
2025-11-06T07:00:20.838822,0.1,rain
2025-11-06T07:00:33.070978,0.11,rain
2025-11-06T07:00:44.953676,0.11,rain
2025-11-06T07:00:56.776620,0.11,rain
2025-11-06T07:01:08.620996,0.11,rain
2025-11-06T07:01:20.589704,0.11,rain
2025-11-06T07:01:32.448417,0.11,rain
2025-11-06T07:01:44.389069,0.11,rain
2025-11-06T07:01:56.327158,0.11,rain
2025-11-06T07:02:08.340438,0.11,rain
2025-11-06T07:02:20.280103,0.11,rain
2025-11-06T07:02:32.245288,0.11,rain
2025-11-06T07:02:43.745725,0.14,rain
2025-11-06T07:02:55.286752,0.14,rain
2025-11-06T07:03:06.994425,0.14,rain
2025-11-06T07:03:18.569936,0.14,rain
2025-11-06T07:03:30.240276,0.14,rain
2025-11-06T07:03:42.050359,0.14,rain
2025-11-06T07:03:53.635543,0.14,rain
2025-11-06T07:04:05.204530,0.14,rain
2025-11-06T07:04:16.936565,0.14,rain
2025-11-06T07:04:28.560569,0.14,rain
2025-11-06T07:04:40.298465,0.14,rain
2025-11-06T07:04:52.117322,0.14,rain
2025-11-06T07:05:03.812263,0.14,rain
2025-11-06T07:05:15.539041,0.14,rain
2025-11-06T07:05:27.289213,0.14,rain
2025-11-06T07:05:39.184675,0.14,rain
2025-11-06T07:05:50.923232,0.14,rain
2025-11-06T07:06:02.508678,0.14,rain
2025-11-06T07:06:14.246378,0.14,rain
2025-11-06T07:06:25.877389,0.14,rain
2025-11-06T07:06:37.642137,0.14,rain
2025-11-06T07:06:49.390114,0.14,rain
2025-11-06T07:07:01.307594,0.14,rain
2025-11-06T07:07:13.166818,0.14,rain
2025-11-06T07:07:25.006148,0.14,rain
2025-11-06T07:07:36.728583,0.14,rain
2025-11-06T07:07:48.501079,0.14,rain
2025-11-06T07:08:00.421052,0.14,rain
2025-11-06T07:08:12.315738,0.14,rain
2025-11-06T07:08:24.168623,0.15,rain
2025-11-06T07:08:36.007191,0.15,rain
2025-11-06T07:08:47.862971,0.15,rain
2025-11-06T07:08:59.685014,0.15,rain
2025-11-06T07:09:11.570465,0.15,rain
2025-11-06T07:09:23.352475,0.15,rain
2025-11-06T07:09:35.077376,0.15,rain
2025-11-06T07:09:46.792872,0.15,rain
2025-11-06T07:09:58.523661,0.15,rain
2025-11-06T07:10:10.235969,0.15,rain
2025-11-06T07:10:21.938318,0.15,rain
2025-11-06T07:10:33.632179,0.15,rain
2025-11-06T07:10:45.403037,0.15,rain
2025-11-06T07:10:57.271800,0.15,rain
2025-11-06T07:11:09.052468,0.15,rain
2025-11-06T07:11:20.736162,0.15,rain
2025-11-06T07:11:32.484356,0.15,rain
2025-11-06T07:11:44.335898,0.15,rain
2025-11-06T07:11:56.068934,0.15,rain
2025-11-06T07:12:07.928030,0.15,rain
2025-11-06T07:12:19.709714,0.15,rain
2025-11-06T07:12:31.500180,0.15,rain
2025-11-06T07:12:43.315512,0.15,rain
2025-11-06T07:12:55.205962,0.15,rain
2025-11-06T07:13:07.201974,0.15,rain
2025-11-06T07:13:19.022954,0.16,rain
2025-11-06T07:13:30.555024,0.16,rain
2025-11-06T07:13:42.080661,0.16,rain
2025-11-06T07:13:53.849858,0.16,rain
2025-11-06T07:14:05.405004,0.16,rain
2025-11-06T07:14:17.127473,0.16,rain
2025-11-06T07:14:28.774145,0.16,rain
2025-11-06T07:14:40.356474,0.16,rain
2025-11-06T07:14:51.967490,0.16,rain
2025-11-06T07:15:03.820363,0.16,rain
2025-11-06T07:15:15.431258,0.16,rain
2025-11-06T07:15:27.157769,0.16,rain
2025-11-06T07:15:38.836334,0.16,rain
2025-11-06T07:15:50.489065,0.16,rain
2025-11-06T07:16:02.138188,0.16,rain
2025-11-06T07:16:13.894247,0.16,rain
2025-11-06T07:16:25.557027,0.16,rain
2025-11-06T07:16:37.266104,0.16,rain
2025-11-06T07:16:49.914011,0.16,rain
2025-11-06T07:17:01.644410,0.16,rain
2025-11-06T07:17:13.370471,0.16,rain
2025-11-06T07:17:25.120607,0.16,rain
2025-11-06T07:17:36.849710,0.16,rain
2025-11-06T07:17:48.697291,0.16,rain
2025-11-06T07:18:00.696239,0.16,rain
2025-11-06T07:18:12.741415,0.16,rain
2025-11-06T07:18:24.553006,0.16,rain
2025-11-06T07:18:36.434281,0.16,rain
2025-11-06T07:18:48.478305,0.16,rain
2025-11-06T07:19:00.362360,0.16,rain
2025-11-06T07:19:12.098131,0.16,rain
2025-11-06T07:19:23.853145,0.16,rain
2025-11-06T07:19:35.636151,0.16,rain
2025-11-06T07:19:47.401179,0.16,rain
2025-11-06T07:19:59.282392,0.16,rain
2025-11-06T07:20:11.081831,0.16,rain
2025-11-06T07:20:22.871539,0.16,rain
2025-11-06T07:20:34.665071,0.16,rain
2025-11-06T07:20:46.505902,0.16,rain
2025-11-06T07:20:58.328300,0.16,rain
2025-11-06T07:21:10.183359,0.16,rain
2025-11-06T07:21:22.277344,0.16,rain
2025-11-06T07:21:34.137304,0.16,rain
2025-11-06T07:21:45.997151,0.16,rain
2025-11-06T07:21:57.702408,0.16,rain
2025-11-06T07:22:09.432118,0.16,rain
2025-11-06T07:22:21.149388,0.16,rain
2025-11-06T07:22:33.030240,0.16,rain
2025-11-06T07:22:44.973062,0.16,rain
2025-11-06T07:22:56.769766,0.16,rain
2025-11-06T07:23:08.659473,0.16,rain
2025-11-06T07:23:20.436012,0.16,rain
2025-11-06T07:23:32.244879,0.16,rain
2025-11-06T07:23:44.056445,0.16,rain
2025-11-06T07:23:56.045666,0.16,rain
2025-11-06T07:24:07.902612,0.16,rain
2025-11-06T07:24:19.718424,0.16,rain
2025-11-06T07:24:31.632165,0.16,rain
2025-11-06T07:24:43.514073,0.16,rain
2025-11-06T07:24:55.345928,0.16,rain
2025-11-06T07:25:07.281114,0.17,rain
2025-11-06T07:25:18.916193,0.17,rain
2025-11-06T07:25:30.817699,0.17,rain
2025-11-06T07:25:42.474876,0.17,rain
2025-11-06T07:25:54.242733,0.17,rain
2025-11-06T07:26:05.993271,0.17,rain
2025-11-06T07:26:17.703043,0.17,rain
2025-11-06T07:26:29.382106,0.17,rain
2025-11-06T07:26:41.245337,0.17,rain
2025-11-06T07:26:53.012820,0.17,rain
2025-11-06T07:27:04.725224,0.17,rain
2025-11-06T07:27:16.471316,0.17,rain
2025-11-06T07:27:28.313845,0.17,rain
2025-11-06T07:27:40.325895,0.17,rain
2025-11-06T07:27:52.019040,0.17,rain
2025-11-06T07:28:03.747453,0.17,rain
2025-11-06T07:28:15.619796,0.17,rain
2025-11-06T07:28:27.408205,0.17,rain
2025-11-06T07:28:39.147909,0.17,rain
2025-11-06T07:28:50.909014,0.17,rain
2025-11-06T07:29:02.770471,0.17,rain
2025-11-06T07:29:14.636205,0.17,rain
2025-11-06T07:29:26.426440,0.17,rain
2025-11-06T07:29:38.319118,0.17,rain
2025-11-06T07:29:50.080605,0.17,rain
2025-11-06T07:30:01.851427,0.17,rain
2025-11-06T07:30:13.644856,0.17,rain
2025-11-06T07:30:25.446016,0.17,rain
2025-11-06T07:30:37.288546,0.17,rain
2025-11-06T07:30:49.171083,0.17,rain
2025-11-06T07:31:01.150497,0.17,rain
2025-11-06T07:31:12.950580,0.17,rain
2025-11-06T07:31:24.766696,0.17,rain
2025-11-06T07:31:36.633709,0.17,rain
2025-11-06T07:31:48.471039,0.17,rain
2025-11-06T07:32:00.451781,0.17,rain
2025-11-06T07:32:12.297685,0.17,rain
2025-11-06T07:32:24.220500,0.17,rain
2025-11-06T07:32:36.031987,0.17,rain
2025-11-06T07:32:47.857531,0.17,rain
2025-11-06T07:32:59.624734,0.17,rain
2025-11-06T07:33:11.522608,0.17,rain
2025-11-06T07:33:23.229013,0.17,rain
2025-11-06T07:33:34.992828,0.17,rain
2025-11-06T07:33:46.791944,0.17,rain
2025-11-06T07:33:58.507001,0.17,rain
2025-11-06T07:34:10.333350,0.17,rain
2025-11-06T07:34:22.214953,0.17,rain
2025-11-06T07:34:34.136671,0.17,rain
2025-11-06T07:34:45.979853,0.17,rain
2025-11-06T07:34:58.016854,0.17,rain
2025-11-06T07:35:09.800518,0.17,rain
2025-11-06T07:35:21.587794,0.17,rain
2025-11-06T07:35:33.380545,0.17,rain
2025-11-06T07:35:45.249499,0.17,rain
2025-11-06T07:35:57.172033,0.17,rain
2025-11-06T07:36:09.050912,0.17,rain
2025-11-06T07:36:21.048013,0.17,rain
2025-11-06T07:36:32.852751,0.17,rain
2025-11-06T07:36:44.712569,0.17,rain
2025-11-06T07:36:56.544260,0.17,rain
2025-11-06T07:37:08.521643,0.17,rain
2025-11-06T07:37:20.533602,0.17,rain
2025-11-06T07:37:32.552300,0.17,rain
2025-11-06T07:37:44.384587,0.17,rain
2025-11-06T07:37:56.156358,0.21,rain
2025-11-06T07:38:08.088786,0.21,rain
2025-11-06T07:38:19.744869,0.21,rain
2025-11-06T07:38:31.539248,0.21,rain
2025-11-06T07:38:43.268637,0.21,rain
2025-11-06T07:38:54.951539,0.21,rain
2025-11-06T07:39:06.842010,0.21,rain
2025-11-06T07:39:18.832380,0.21,rain
2025-11-06T07:39:30.668759,0.21,rain
2025-11-06T07:39:42.504136,0.21,rain
2025-11-06T07:39:54.268785,0.21,rain
2025-11-06T07:40:06.267807,0.21,rain
2025-11-06T07:40:17.992823,0.21,rain
2025-11-06T07:40:29.795027,0.21,rain
2025-11-06T07:40:41.560765,0.21,rain
2025-11-06T07:40:53.287421,0.21,rain
2025-11-06T07:41:05.028907,0.21,rain
2025-11-06T07:41:16.824222,0.21,rain
2025-11-06T07:41:28.649562,0.21,rain
2025-11-06T07:41:40.425856,0.21,rain
2025-11-06T07:41:52.316644,0.21,rain
2025-11-06T07:42:04.054756,0.21,rain
2025-11-06T07:42:15.845935,0.21,rain
2025-11-06T07:42:27.703408,0.21,rain
2025-11-06T07:42:39.543534,0.21,rain
2025-11-06T07:42:51.333750,0.21,rain
2025-11-06T07:43:03.096966,0.21,rain
2025-11-06T07:43:14.876698,0.21,rain
2025-11-06T07:43:26.655866,0.21,rain
2025-11-06T07:43:38.428362,0.21,rain
2025-11-06T07:43:50.351950,0.21,rain
2025-11-06T07:44:02.135804,0.21,rain
2025-11-06T07:44:14.039449,0.21,rain
2025-11-06T07:44:25.827308,0.21,rain
2025-11-06T07:44:37.637598,0.21,rain
2025-11-06T07:44:49.434573,0.21,rain
2025-11-06T07:45:01.252249,0.21,rain
2025-11-06T07:45:13.062031,0.21,rain
2025-11-06T07:45:25.175569,0.21,rain
2025-11-06T07:45:37.028424,0.21,rain
2025-11-06T07:45:48.856009,0.21,rain
2025-11-06T07:46:00.695862,0.21,rain
2025-11-06T07:46:12.810113,0.21,rain
2025-11-06T07:46:24.633577,0.21,rain
2025-11-06T07:46:36.483527,0.24,rain
2025-11-06T07:46:48.093378,0.24,rain
2025-11-06T07:46:59.802105,0.24,rain
2025-11-06T07:47:11.416557,0.24,rain
2025-11-06T07:47:23.187119,0.24,rain
2025-11-06T07:47:34.814382,0.24,rain
2025-11-06T07:47:46.713748,0.24,rain
2025-11-06T07:47:58.365967,0.24,rain
2025-11-06T07:48:09.996244,0.24,rain
2025-11-06T07:48:21.782999,0.24,rain
2025-11-06T07:48:33.421140,0.24,rain
2025-11-06T07:48:45.261199,0.24,rain
2025-11-06T07:48:57.025325,0.24,rain
2025-11-06T07:49:08.749869,0.24,rain
2025-11-06T07:49:20.506109,0.24,rain
2025-11-06T07:49:32.170217,0.24,rain
2025-11-06T07:49:44.023977,0.24,rain
2025-11-06T07:49:55.707511,0.24,rain
2025-11-06T07:50:07.362375,0.24,rain
2025-11-06T07:50:19.158217,0.24,rain
2025-11-06T07:50:30.868813,0.24,rain
2025-11-06T07:50:42.596744,0.24,rain
2025-11-06T07:50:54.356622,0.24,rain
2025-11-06T07:51:06.102943,0.24,rain
2025-11-06T07:51:18.010897,0.24,rain
2025-11-06T07:51:29.898033,0.24,rain
2025-11-06T07:51:41.681676,0.24,rain
2025-11-06T07:51:53.658489,0.24,rain
2025-11-06T07:52:05.526412,0.24,rain
2025-11-06T07:52:17.270187,0.24,rain
2025-11-06T07:52:29.210532,0.24,rain
2025-11-06T07:52:40.975929,0.24,rain
2025-11-06T07:52:52.755165,0.24,rain
2025-11-06T07:53:04.500907,0.24,rain
2025-11-06T07:53:16.288657,0.24,rain
2025-11-06T07:53:28.034131,0.24,rain
2025-11-06T07:53:39.934835,0.24,rain
2025-11-06T07:53:51.871605,0.24,rain
2025-11-06T07:54:03.597715,0.24,rain
2025-11-06T07:54:15.399853,0.24,rain
2025-11-06T07:54:27.169738,0.24,rain
2025-11-06T07:54:38.942445,0.24,rain
2025-11-06T07:54:50.710472,0.24,rain
2025-11-06T07:55:02.497469,0.24,rain
2025-11-06T07:55:14.248444,0.24,rain
2025-11-06T07:55:26.132992,0.24,rain
2025-11-06T07:55:37.893363,0.24,rain
2025-11-06T07:55:49.938754,0.24,rain
2025-11-06T07:56:01.763714,0.24,rain
2025-11-06T07:56:13.726809,0.24,rain
2025-11-06T07:56:25.678107,0.24,rain
2025-11-06T07:56:37.537036,0.24,rain
2025-11-06T07:56:49.625362,0.24,rain
2025-11-06T07:57:01.767896,0.24,rain
2025-11-06T07:57:13.737799,0.24,rain
2025-11-06T07:57:25.631807,0.24,rain
2025-11-06T07:57:37.564842,0.24,rain
2025-11-06T07:57:49.643584,0.24,rain
2025-11-06T07:58:01.452826,0.24,rain
2025-11-06T07:58:13.243608,0.24,rain
2025-11-06T07:58:25.199061,0.24,rain
2025-11-06T07:58:36.904653,0.24,rain
2025-11-06T07:58:48.511232,0.24,rain
2025-11-06T07:59:00.289617,0.24,rain
2025-11-06T07:59:11.960571,0.24,rain
2025-11-06T07:59:23.615368,0.24,rain
2025-11-06T07:59:35.225250,0.24,rain
2025-11-06T07:59:46.957366,0.24,rain
2025-11-06T07:59:58.663644,0.24,rain
2025-11-06T08:00:10.321591,0.24,rain
2025-11-06T08:00:22.126781,0.24,rain
2025-11-06T08:00:33.772515,0.24,rain
2025-11-06T08:00:45.436542,0.24,rain
2025-11-06T08:00:57.061754,0.24,rain
2025-11-06T08:01:08.851931,0.24,rain
2025-11-06T08:01:20.690958,0.24,rain
2025-11-06T08:01:32.467191,0.24,rain
2025-11-06T08:01:44.066809,0.24,rain
2025-11-06T08:01:55.955334,0.24,rain
2025-11-06T08:02:07.728294,0.24,rain
2025-11-06T08:02:19.397391,0.24,rain
2025-11-06T08:02:31.054230,0.24,rain
2025-11-06T08:02:42.709858,0.24,rain
2025-11-06T08:02:54.483047,0.24,rain
2025-11-06T08:03:06.598554,0.24,rain
2025-11-06T08:03:18.288630,0.24,rain
2025-11-06T08:03:30.014966,0.24,rain
2025-11-06T08:03:41.945292,0.24,rain
2025-11-06T08:03:53.884113,0.24,rain
2025-11-06T08:04:05.627194,0.24,rain
2025-11-06T08:04:17.379087,0.24,rain
2025-11-06T08:04:29.175817,0.24,rain
2025-11-06T08:04:41.104432,0.24,rain
2025-11-06T08:04:52.914692,0.24,rain
2025-11-06T08:05:04.746274,0.24,rain
2025-11-06T08:05:16.498978,0.24,rain
2025-11-06T08:05:28.304815,0.24,rain
2025-11-06T08:05:40.003757,0.24,rain
2025-11-06T08:05:51.708189,0.24,rain
2025-11-06T08:06:03.627352,0.24,rain
2025-11-06T08:06:15.410921,0.24,rain
2025-11-06T08:06:27.098537,0.24,rain
2025-11-06T08:06:38.970237,0.24,rain
2025-11-06T08:06:50.789162,0.24,rain
2025-11-06T08:07:02.587931,0.24,rain
2025-11-06T08:07:14.480141,0.24,rain
2025-11-06T08:07:26.397543,0.24,rain
2025-11-06T08:07:38.205814,0.25,rain
2025-11-06T08:07:49.897462,0.25,rain
2025-11-06T08:08:01.583638,0.25,rain
2025-11-06T08:08:13.248038,0.25,rain
2025-11-06T08:08:24.960965,0.25,rain
2025-11-06T08:08:36.586987,0.25,rain
2025-11-06T08:08:48.254052,0.25,rain
2025-11-06T08:08:59.788088,0.25,rain
2025-11-06T08:09:11.448536,0.25,rain
2025-11-06T08:09:23.228628,0.25,rain
2025-11-06T08:09:34.987717,0.25,rain
2025-11-06T08:09:46.628694,0.25,rain
2025-11-06T08:09:58.365892,0.25,rain
2025-11-06T08:10:10.306511,0.25,rain
2025-11-06T08:10:22.198554,0.25,rain
2025-11-06T08:10:33.911894,0.25,rain
2025-11-06T08:10:45.611711,0.25,rain
2025-11-06T08:10:57.611212,0.25,rain
2025-11-06T08:11:09.396911,0.25,rain
2025-11-06T08:11:21.186635,0.25,rain
2025-11-06T08:11:32.900101,0.25,rain
2025-11-06T08:11:44.655298,0.25,rain
2025-11-06T08:11:56.419392,0.25,rain
2025-11-06T08:12:08.259089,0.25,rain
2025-11-06T08:12:19.987698,0.25,rain
2025-11-06T08:12:31.668062,0.25,rain
2025-11-06T08:12:43.339391,0.25,rain
2025-11-06T08:12:55.100257,0.25,rain
2025-11-06T08:13:06.760270,0.25,rain
2025-11-06T08:13:18.416208,0.25,rain
2025-11-06T08:13:30.112975,0.25,rain
2025-11-06T08:13:41.840479,0.25,rain
2025-11-06T08:13:53.896519,0.25,rain
2025-11-06T08:14:05.643921,0.25,rain
2025-11-06T08:14:17.420004,0.25,rain
2025-11-06T08:14:29.290489,0.25,rain
2025-11-06T08:14:41.193560,0.25,rain
2025-11-06T08:14:53.117170,0.25,rain
2025-11-06T08:15:04.929608,0.25,rain
2025-11-06T08:15:16.742403,0.25,rain
2025-11-06T08:15:28.586880,0.25,rain
2025-11-06T08:15:40.282057,0.25,rain
2025-11-06T08:15:51.990774,0.25,rain
2025-11-06T08:16:03.675359,0.25,rain
2025-11-06T08:16:15.363345,0.25,rain
2025-11-06T08:16:27.035454,0.25,rain
2025-11-06T08:16:38.849014,0.25,rain
2025-11-06T08:16:50.500990,0.25,rain
2025-11-06T08:17:02.203904,0.25,rain
2025-11-06T08:17:14.111005,0.25,rain
2025-11-06T08:17:25.790857,0.25,rain
2025-11-06T08:17:37.564047,0.25,rain
2025-11-06T08:17:49.270192,0.25,rain
2025-11-06T08:18:01.019847,0.25,rain
2025-11-06T08:18:12.712281,0.25,rain
2025-11-06T08:18:24.402634,0.25,rain
2025-11-06T08:18:36.230170,0.25,rain
2025-11-06T08:18:48.092044,0.25,rain
2025-11-06T08:18:59.826098,0.25,rain
2025-11-06T08:19:11.547738,0.25,rain
2025-11-06T08:19:23.315122,0.25,rain
2025-11-06T08:19:35.060247,0.25,rain
2025-11-06T08:19:46.857613,0.25,rain
2025-11-06T08:19:58.673145,0.25,rain
2025-11-06T08:20:10.524885,0.25,rain
2025-11-06T08:20:22.460217,0.25,rain
2025-11-06T08:20:34.263162,0.25,rain
2025-11-06T08:20:46.047517,0.25,rain
2025-11-06T08:20:57.913696,0.25,rain
2025-11-06T08:21:09.959081,0.25,rain
2025-11-06T08:21:21.857907,0.25,rain
2025-11-06T08:21:33.774080,0.25,rain
2025-11-06T08:21:45.617621,0.25,rain
2025-11-06T08:21:57.484263,0.25,rain
2025-11-06T08:22:09.454447,0.25,rain
2025-11-06T08:22:21.334797,0.25,rain
2025-11-06T08:22:33.195202,0.25,rain
2025-11-06T08:22:45.114812,0.25,rain
2025-11-06T08:22:57.007746,0.25,rain
2025-11-06T08:23:08.915477,0.25,rain
2025-11-06T08:23:20.893970,0.25,rain
2025-11-06T08:23:32.740484,0.25,rain
2025-11-06T08:23:44.588037,0.25,rain
2025-11-06T08:23:56.479729,0.25,rain
2025-11-06T08:24:08.420707,0.25,rain
2025-11-06T08:24:20.269662,0.25,rain
2025-11-06T08:24:32.034350,0.25,rain
2025-11-06T08:24:43.833704,0.25,rain
2025-11-06T08:24:55.657692,0.25,rain
2025-11-06T08:25:07.548392,0.25,rain
2025-11-06T08:25:19.328821,0.25,rain
2025-11-06T08:25:31.054495,0.25,rain
2025-11-06T08:25:42.673919,0.25,rain
2025-11-06T08:25:54.622051,0.25,rain
2025-11-06T08:26:06.346668,0.25,rain
2025-11-06T08:26:18.045280,0.25,rain
2025-11-06T08:26:29.883476,0.25,rain
2025-11-06T08:26:41.799310,0.25,rain
2025-11-06T08:26:53.602190,0.25,rain
2025-11-06T08:27:05.436809,0.25,rain
2025-11-06T08:27:17.372885,0.25,rain
2025-11-06T08:27:29.389496,0.25,rain
2025-11-06T08:27:41.236694,0.25,rain
2025-11-06T08:27:53.244790,0.25,rain
2025-11-06T08:28:05.227140,0.25,rain
2025-11-06T08:28:17.187327,0.25,rain
2025-11-06T08:28:29.197117,0.25,rain
2025-11-06T08:28:40.953525,0.29,rain
2025-11-06T08:28:52.712962,0.29,rain
2025-11-06T08:29:04.479494,0.29,rain
2025-11-06T08:29:16.242894,0.29,rain
2025-11-06T08:29:28.169331,0.29,rain
2025-11-06T08:29:39.845803,0.29,rain
2025-11-06T08:29:51.487965,0.29,rain
2025-11-06T08:30:03.159877,0.29,rain
2025-11-06T08:30:14.845760,0.29,rain
2025-11-06T08:30:26.503276,0.29,rain
2025-11-06T08:30:38.178026,0.29,rain
2025-11-06T08:30:49.726996,0.29,rain
2025-11-06T08:31:01.406141,0.29,rain
2025-11-06T08:31:13.067119,0.29,rain
2025-11-06T08:31:24.744238,0.29,rain
2025-11-06T08:31:36.377852,0.29,rain
2025-11-06T08:31:48.031191,0.29,rain
2025-11-06T08:31:59.694280,0.29,rain
2025-11-06T08:32:11.388733,0.29,rain
2025-11-06T08:32:23.052753,0.29,rain
2025-11-06T08:32:34.749746,0.29,rain
2025-11-06T08:32:46.493756,0.29,rain
2025-11-06T08:32:58.167670,0.29,rain
2025-11-06T08:33:09.803035,0.29,rain
2025-11-06T08:33:21.459842,0.29,rain
2025-11-06T08:33:33.139695,0.29,rain
2025-11-06T08:33:44.952435,0.29,rain
2025-11-06T08:33:56.603601,0.29,rain
2025-11-06T08:34:08.388440,0.29,rain
2025-11-06T08:34:20.202376,0.29,rain
2025-11-06T08:34:32.125825,0.29,rain
2025-11-06T08:34:43.921948,0.29,rain
2025-11-06T08:34:55.856484,0.29,rain
2025-11-06T08:35:07.560926,0.29,rain
2025-11-06T08:35:19.288829,0.29,rain
2025-11-06T08:35:30.994537,0.29,rain
2025-11-06T08:35:42.852582,0.29,rain
2025-11-06T08:35:54.627621,0.29,rain
2025-11-06T08:36:06.417496,0.29,rain
2025-11-06T08:36:18.236170,0.29,rain
2025-11-06T08:36:30.068135,0.29,rain
2025-11-06T08:36:42.070908,0.29,rain
2025-11-06T08:36:53.908342,0.29,rain
2025-11-06T08:37:05.776901,0.29,rain
2025-11-06T08:37:17.657566,0.31,rain
2025-11-06T08:37:29.534880,0.31,rain
2025-11-06T08:37:41.386359,0.31,rain
2025-11-06T08:37:53.257635,0.31,rain
2025-11-06T08:38:05.180208,0.31,rain
2025-11-06T08:38:17.118739,0.31,rain
2025-11-06T08:38:28.945500,0.31,rain
2025-11-06T08:38:40.778360,0.31,rain
2025-11-06T08:38:52.617080,0.31,rain
2025-11-06T08:39:04.472429,0.31,rain
2025-11-06T08:39:16.457006,0.31,rain
2025-11-06T08:39:28.067038,0.31,rain
2025-11-06T08:39:39.714506,0.31,rain
2025-11-06T08:39:51.305972,0.31,rain
2025-11-06T08:40:03.120111,0.31,rain
2025-11-06T08:40:14.763112,0.31,rain
2025-11-06T08:40:26.447453,0.31,rain
2025-11-06T08:40:38.054047,0.31,rain
2025-11-06T08:40:49.646622,0.31,rain
2025-11-06T08:41:01.243881,0.31,rain
2025-11-06T08:41:12.859679,0.31,rain
2025-11-06T08:41:24.468616,0.31,rain
2025-11-06T08:41:36.067324,0.31,rain
2025-11-06T08:41:47.734073,0.31,rain
2025-11-06T08:41:59.414308,0.31,rain
2025-11-06T08:42:11.190473,0.31,rain
2025-11-06T08:42:22.724846,0.31,rain
2025-11-06T08:42:34.299978,0.31,rain
2025-11-06T08:42:46.061011,0.31,rain
2025-11-06T08:42:57.639705,0.31,rain
2025-11-06T08:43:09.287994,0.31,rain
2025-11-06T08:43:20.811933,0.31,rain
2025-11-06T08:43:32.349715,0.31,rain
2025-11-06T08:43:43.931444,0.31,rain
2025-11-06T08:43:55.516146,0.31,rain
2025-11-06T08:44:07.157237,0.31,rain
2025-11-06T08:44:19.024682,0.31,rain
2025-11-06T08:44:30.652766,0.31,rain
2025-11-06T08:44:42.332672,0.31,rain
2025-11-06T08:44:54.080422,0.31,rain
2025-11-06T08:45:05.798136,0.31,rain
2025-11-06T08:45:17.761457,0.31,rain
2025-11-06T08:45:29.561686,0.31,rain
2025-11-06T08:45:41.389799,0.31,rain
2025-11-06T08:45:53.197924,0.31,rain
2025-11-06T08:46:05.074283,0.31,rain
2025-11-06T08:46:17.057011,0.31,rain
2025-11-06T08:46:28.972149,0.31,rain
2025-11-06T08:46:40.783871,0.31,rain
2025-11-06T08:46:52.533840,0.31,rain
2025-11-06T08:47:04.210531,0.34,rain
2025-11-06T08:47:15.875696,0.34,rain
2025-11-06T08:47:27.663618,0.34,rain
2025-11-06T08:47:39.381026,0.34,rain
2025-11-06T08:47:50.995459,0.34,rain
2025-11-06T08:48:02.730159,0.34,rain
2025-11-06T08:48:14.345391,0.36,rain
2025-11-06T08:48:25.960651,0.36,rain
2025-11-06T08:48:37.530662,0.36,rain
2025-11-06T08:48:49.064912,0.36,rain
2025-11-06T08:49:00.623834,0.36,rain
2025-11-06T08:49:12.125946,0.36,rain
2025-11-06T08:49:23.593857,0.36,rain
2025-11-06T08:49:35.409275,0.36,rain
2025-11-06T08:49:47.072347,0.36,rain
2025-11-06T08:49:58.739564,0.36,rain
2025-11-06T08:50:10.391244,0.36,rain
2025-11-06T08:50:22.053628,0.36,rain
2025-11-06T08:50:33.719624,0.38,rain
2025-11-06T08:50:45.445349,0.38,rain
2025-11-06T08:50:57.100775,0.38,rain
2025-11-06T08:51:08.726142,0.44,rain
2025-11-06T08:51:20.365990,0.46,rain
2025-11-06T08:51:32.024481,0.46,rain
2025-11-06T08:51:43.865117,0.46,rain
2025-11-06T08:51:55.549906,0.46,rain
2025-11-06T08:52:07.346059,0.46,rain
2025-11-06T08:52:19.064780,0.46,rain
2025-11-06T08:52:30.961456,0.46,rain
2025-11-06T08:52:42.529373,0.46,rain
2025-11-06T08:52:54.130274,0.46,rain
2025-11-06T08:53:05.868677,0.46,rain
2025-11-06T08:53:17.528171,0.46,rain
2025-11-06T08:53:29.296273,0.53,rain
2025-11-06T08:53:40.998470,0.54,rain
2025-11-06T08:53:52.740628,0.54,rain
2025-11-06T08:54:04.477488,0.54,rain
2025-11-06T08:54:16.471322,0.54,rain
2025-11-06T08:54:28.030174,0.54,rain
2025-11-06T08:54:39.788882,0.54,rain
2025-11-06T08:54:51.445510,0.55,rain
2025-11-06T08:55:03.129799,0.55,rain
2025-11-06T08:55:14.858109,0.55,rain
2025-11-06T08:55:26.359724,0.55,rain
2025-11-06T08:55:37.766786,0.55,rain
2025-11-06T08:55:49.448727,0.55,rain
2025-11-06T08:56:00.970455,0.57,rain
2025-11-06T08:56:12.644003,0.57,rain
2025-11-06T08:56:24.034208,0.57,rain
2025-11-06T08:56:35.454755,0.57,rain
2025-11-06T08:56:46.641152,0.57,rain
2025-11-06T08:56:58.082059,0.57,rain
2025-11-06T08:57:09.494268,0.57,rain
2025-11-06T08:57:21.062586,0.57,rain
2025-11-06T08:57:32.659248,0.57,rain
2025-11-06T08:57:43.991760,0.57,rain
2025-11-06T08:57:55.642140,0.57,rain
2025-11-06T08:58:06.795950,0.57,rain
2025-11-06T08:58:17.842649,0.57,rain
2025-11-06T08:58:28.673027,0.57,rain
2025-11-06T08:58:39.933698,0.57,rain
2025-11-06T08:58:51.256992,0.57,rain
2025-11-06T08:59:02.584154,0.57,rain
2025-11-06T08:59:13.555224,0.57,rain
2025-11-06T08:59:24.433888,0.57,rain
2025-11-06T08:59:35.553009,0.57,rain
2025-11-06T08:59:46.681122,0.57,rain
2025-11-06T08:59:58.240796,0.57,rain
2025-11-06T09:00:10.974936,0.57,rain
2025-11-06T09:00:22.210749,0.57,rain
2025-11-06T09:00:33.792324,0.57,rain
2025-11-06T09:00:45.035477,0.57,rain
2025-11-06T09:00:56.429018,0.57,rain
2025-11-06T09:01:07.806919,0.57,rain
2025-11-06T09:01:18.974453,0.57,rain
2025-11-06T09:01:30.308551,0.57,rain
2025-11-06T09:01:41.763096,0.57,rain
2025-11-06T09:01:53.247814,0.57,rain
2025-11-06T09:02:04.427041,0.57,rain
2025-11-06T09:02:15.587107,0.57,rain
2025-11-06T09:02:26.771981,0.57,rain
2025-11-06T09:02:38.355815,0.57,rain
2025-11-06T09:02:49.650894,0.57,rain
2025-11-06T09:03:00.999025,0.57,rain
2025-11-06T09:03:12.604025,0.57,rain
2025-11-06T09:03:23.744282,0.57,rain
2025-11-06T09:03:34.824082,0.57,rain
2025-11-06T09:03:45.729263,0.57,rain
2025-11-06T09:03:56.984931,0.57,rain
2025-11-06T09:04:08.086606,0.57,rain
2025-11-06T09:04:19.174005,0.59,rain
2025-11-06T09:04:30.541950,0.59,rain
2025-11-06T09:04:41.727531,0.59,rain
2025-11-06T09:04:52.681527,0.59,rain
2025-11-06T09:05:03.957723,0.59,rain
2025-11-06T09:05:14.904862,0.59,rain
2025-11-06T09:05:25.731602,0.59,rain
2025-11-06T09:05:36.785760,0.59,rain
2025-11-06T09:05:47.462896,0.59,rain
2025-11-06T09:05:58.444517,0.59,rain
2025-11-06T09:06:09.484681,0.59,rain
2025-11-06T09:06:20.256535,0.59,rain
2025-11-06T09:06:31.361365,0.59,rain
2025-11-06T09:06:42.679750,0.59,rain
2025-11-06T09:06:53.500871,0.59,rain
2025-11-06T09:07:04.431357,0.59,rain
2025-11-06T09:07:15.668613,0.59,rain
2025-11-06T09:07:26.720088,0.6,rain
2025-11-06T09:07:38.057518,0.6,rain
2025-11-06T09:07:49.414307,0.6,rain
2025-11-06T09:08:00.529593,0.6,rain
2025-11-06T09:08:11.767974,0.6,rain
2025-11-06T09:08:23.052147,0.64,rain
2025-11-06T09:08:34.309014,0.7,rain
2025-11-06T09:08:45.468733,0.7,rain
2025-11-06T09:08:56.601072,0.76,rain
2025-11-06T09:09:07.558092,0.76,rain
2025-11-06T09:09:18.762765,0.76,rain
2025-11-06T09:09:30.124442,0.76,rain
2025-11-06T09:09:41.261227,0.76,rain
2025-11-06T09:09:53.006647,0.76,rain
2025-11-06T09:10:04.298996,0.76,rain
2025-11-06T09:10:15.483915,0.76,rain
2025-11-06T09:10:26.741560,0.76,rain
2025-11-06T09:10:37.910336,0.76,rain
2025-11-06T09:10:49.189201,0.76,rain
2025-11-06T09:11:00.517752,0.76,rain
2025-11-06T09:11:11.765379,0.76,rain
2025-11-06T09:11:23.232910,0.76,rain
2025-11-06T09:11:34.317979,0.76,rain
2025-11-06T09:11:45.319184,0.76,rain
2025-11-06T09:11:56.415642,0.76,rain
2025-11-06T09:12:07.764112,0.76,rain
2025-11-06T09:12:19.424161,0.76,rain
2025-11-06T09:12:30.988323,0.76,rain
2025-11-06T09:12:42.215486,0.76,rain
2025-11-06T09:12:53.392554,0.76,rain
2025-11-06T09:13:04.565779,0.76,rain
2025-11-06T09:13:16.059090,0.76,rain
2025-11-06T09:13:27.245351,0.76,rain
2025-11-06T09:13:38.711829,0.76,rain
2025-11-06T09:13:50.103283,0.76,rain
2025-11-06T09:14:01.303443,0.76,rain
2025-11-06T09:14:12.904321,0.76,rain
2025-11-06T09:14:24.434649,0.76,rain
2025-11-06T09:14:35.959173,0.76,rain
2025-11-06T09:14:47.570698,0.76,rain
2025-11-06T09:14:59.173699,0.76,rain
2025-11-06T09:15:10.680068,0.76,rain
2025-11-06T09:15:22.162497,0.76,rain
2025-11-06T09:15:33.918613,0.76,rain
2025-11-06T09:15:45.478306,0.76,rain
2025-11-06T09:15:57.188575,0.76,rain
2025-11-06T09:16:08.943212,0.76,rain
2025-11-06T09:16:20.608970,0.85,rain
2025-11-06T09:16:32.528897,0.85,rain
2025-11-06T09:16:44.203113,0.85,rain
2025-11-06T09:16:56.048583,0.85,rain
2025-11-06T09:17:07.626877,0.85,rain
2025-11-06T09:17:19.206641,0.85,rain
2025-11-06T09:17:30.631359,0.85,rain
2025-11-06T09:17:42.236034,0.88,rain
2025-11-06T09:17:53.878791,0.94,rain
2025-11-06T09:18:05.566822,0.94,rain
2025-11-06T09:18:16.924165,0.94,rain
2025-11-06T09:18:28.516385,0.94,rain
2025-11-06T09:18:40.028188,0.99,rain
2025-11-06T09:18:51.451474,0.99,rain
2025-11-06T09:19:03.021158,0.99,rain
2025-11-06T09:19:14.719558,0.99,rain
2025-11-06T09:19:26.613975,0.99,rain
2025-11-06T09:19:38.188968,1.06,rain
2025-11-06T09:19:49.380202,1.06,rain
2025-11-06T09:20:00.415701,1.06,rain
2025-11-06T09:20:11.430589,1.06,rain
2025-11-06T09:20:22.242729,1.06,rain
2025-11-06T09:20:33.091501,1.06,rain
2025-11-06T09:20:44.376577,1.06,rain
2025-11-06T09:20:55.446333,1.06,rain
2025-11-06T09:21:07.006448,1.09,rain
2025-11-06T09:21:18.577669,1.09,rain
2025-11-06T09:21:30.037913,1.09,rain
2025-11-06T09:21:41.595505,1.09,rain
2025-11-06T09:21:52.961416,1.09,rain
2025-11-06T09:22:04.286192,1.09,rain
2025-11-06T09:22:15.887493,1.16,rain
2025-11-06T09:22:27.735332,1.16,rain
2025-11-06T09:22:39.771021,1.16,rain
2025-11-06T09:22:51.626274,1.16,rain
2025-11-06T09:23:03.425980,1.16,rain
2025-11-06T09:23:15.345847,1.27,rain
2025-11-06T09:23:27.246496,1.27,rain
2025-11-06T09:23:39.097314,1.27,rain
2025-11-06T09:23:50.770417,1.27,rain
2025-11-06T09:24:02.446678,1.27,rain
2025-11-06T09:24:14.037836,1.27,rain
2025-11-06T09:24:25.714511,1.27,rain
2025-11-06T09:24:37.399876,1.27,rain
2025-11-06T09:24:48.926342,1.36,rain
2025-11-06T09:25:00.836714,1.38,rain
2025-11-06T09:25:12.626142,1.38,rain
2025-11-06T09:25:24.446655,1.39,rain
2025-11-06T09:25:36.379083,1.39,rain
2025-11-06T09:25:48.345379,1.4,rain
2025-11-06T09:26:00.201437,1.4,rain
2025-11-06T09:26:11.455053,1.45,rain
2025-11-06T09:26:22.052517,1.45,rain
2025-11-06T09:26:32.678395,1.45,rain
2025-11-06T09:26:43.391581,1.45,rain
2025-11-06T09:26:53.877150,1.48,rain
2025-11-06T09:27:04.861355,1.51,rain
2025-11-06T09:27:15.782599,1.51,rain
2025-11-06T09:27:27.293394,1.51,rain
2025-11-06T09:27:38.995005,1.51,rain
2025-11-06T09:27:50.443237,1.51,rain
2025-11-06T09:28:01.402635,1.51,rain
2025-11-06T09:28:12.071430,1.51,rain
2025-11-06T09:28:22.627140,1.51,rain
2025-11-06T09:28:33.921505,1.55,rain
2025-11-06T09:28:45.807693,1.56,rain
2025-11-06T09:28:57.497702,1.56,rain
2025-11-06T09:29:09.186085,1.56,rain
2025-11-06T09:29:21.054903,1.56,rain
2025-11-06T09:29:33.006837,1.56,rain
2025-11-06T09:29:45.362576,1.56,rain
2025-11-06T09:29:58.011762,1.56,rain
2025-11-06T09:30:10.743723,1.56,rain
2025-11-06T09:30:23.352736,1.56,rain
2025-11-06T09:30:35.677132,1.57,rain
2025-11-06T09:30:48.037019,1.57,rain
2025-11-06T09:30:59.819456,1.57,rain
2025-11-06T09:31:11.715127,1.57,rain
2025-11-06T09:31:23.509616,1.57,rain
2025-11-06T09:31:35.319529,1.59,rain
2025-11-06T09:31:47.032177,1.6,rain
2025-11-06T09:31:58.777284,1.6,rain
2025-11-06T09:32:10.706408,1.6,rain
2025-11-06T09:32:22.532635,1.6,rain
2025-11-06T09:32:34.113749,1.62,rain
2025-11-06T09:32:46.022227,1.62,rain
2025-11-06T09:32:57.708793,1.66,rain
2025-11-06T09:33:09.370626,1.66,rain
2025-11-06T09:33:21.142021,1.66,rain
2025-11-06T09:33:32.882646,1.66,rain
2025-11-06T09:33:44.773401,1.7,rain
2025-11-06T09:33:56.851387,1.75,rain
2025-11-06T09:34:08.968056,1.77,rain
2025-11-06T09:34:21.210363,1.77,rain
2025-11-06T09:34:33.297456,1.9,rain
2025-11-06T09:34:45.321441,1.91,rain
2025-11-06T09:34:57.257636,1.91,rain
2025-11-06T09:35:09.173178,1.94,rain
2025-11-06T09:35:20.439182,1.94,rain
2025-11-06T09:35:31.088087,1.94,rain
2025-11-06T09:35:41.933663,1.94,rain
2025-11-06T09:35:53.627148,1.94,rain
2025-11-06T09:36:05.552187,1.95,rain
2025-11-06T09:36:17.736841,1.95,rain
2025-11-06T09:36:30.189494,1.95,rain
2025-11-06T09:36:42.807580,1.95,rain
2025-11-06T09:36:55.442995,1.95,rain
2025-11-06T09:37:08.200145,2.0,rain
2025-11-06T09:37:20.931896,2.0,rain
2025-11-06T09:37:33.590146,2.01,rain
2025-11-06T09:37:46.080926,2.01,rain
2025-11-06T09:37:58.543198,2.01,rain
2025-11-06T09:38:10.933284,2.01,rain
2025-11-06T09:38:23.002350,2.01,rain
2025-11-06T09:38:35.005256,2.01,rain
2025-11-06T09:38:46.923624,2.01,rain
2025-11-06T09:38:58.790667,2.01,rain
2025-11-06T09:39:10.907659,2.1,rain
2025-11-06T09:39:23.371234,2.1,rain
2025-11-06T09:39:36.015442,2.1,rain
2025-11-06T09:39:48.790994,2.1,rain
2025-11-06T09:40:01.427649,2.1,rain
2025-11-06T09:40:13.772443,2.1,rain
2025-11-06T09:40:26.008103,2.16,rain
2025-11-06T09:40:38.151737,2.23,rain
2025-11-06T09:40:50.212433,2.26,rain
2025-11-06T09:41:02.347610,2.26,rain
2025-11-06T09:41:14.609553,2.26,rain
2025-11-06T09:41:26.929057,2.26,rain
2025-11-06T09:41:39.192798,2.26,rain
2025-11-06T09:41:51.415272,2.26,rain
2025-11-06T09:42:03.723060,2.26,rain
2025-11-06T09:42:16.073660,2.27,rain
2025-11-06T09:42:28.294542,2.27,rain
2025-11-06T09:42:40.493225,2.27,rain
2025-11-06T09:42:52.778514,2.27,rain
2025-11-06T09:43:04.942759,2.27,rain
2025-11-06T09:43:16.946702,2.27,rain
2025-11-06T09:43:28.882844,2.27,rain
2025-11-06T09:43:40.686763,2.27,rain
2025-11-06T09:43:52.509325,2.27,rain
2025-11-06T09:44:04.341203,2.27,rain
2025-11-06T09:44:16.486559,2.27,rain
2025-11-06T09:44:28.944844,2.27,rain
2025-11-06T09:44:41.622824,2.27,rain
2025-11-06T09:44:54.370287,2.27,rain
2025-11-06T09:45:07.046204,2.35,rain
2025-11-06T09:45:19.696050,2.35,rain
2025-11-06T09:45:32.289593,2.39,rain
2025-11-06T09:45:44.736083,2.46,rain
2025-11-06T09:45:57.192972,2.48,rain
2025-11-06T09:46:09.741442,2.49,rain
2025-11-06T09:46:22.388764,2.49,rain
2025-11-06T09:46:35.085873,2.49,rain
2025-11-06T09:46:47.747591,2.49,rain
2025-11-06T09:47:00.452193,2.49,rain
2025-11-06T09:47:13.156664,2.5,rain
2025-11-06T09:47:25.787167,2.5,rain
2025-11-06T09:47:38.419174,2.5,rain
2025-11-06T09:47:51.125181,2.52,rain
2025-11-06T09:48:03.942693,2.52,rain
2025-11-06T09:48:16.639702,2.54,rain
2025-11-06T09:48:29.323963,2.54,rain
2025-11-06T09:48:41.854001,2.54,rain
2025-11-06T09:48:54.358305,2.58,rain
2025-11-06T09:49:06.709265,2.58,rain
2025-11-06T09:49:18.869445,2.58,rain
2025-11-06T09:49:31.022460,2.58,rain
2025-11-06T09:49:43.075717,2.58,rain
2025-11-06T09:49:55.190010,2.58,rain
2025-11-06T09:50:07.202595,2.64,rain
2025-11-06T09:50:19.215251,2.64,rain
2025-11-06T09:50:31.374840,2.64,rain
2025-11-06T09:50:43.558897,2.64,rain
2025-11-06T09:50:55.885407,2.64,rain
2025-11-06T09:51:07.899622,2.64,rain
2025-11-06T09:51:19.826820,2.64,rain
2025-11-06T09:51:31.818093,2.64,rain
2025-11-06T09:51:44.017995,2.64,rain
2025-11-06T09:51:56.495847,2.64,rain
2025-11-06T09:52:09.074353,2.64,rain
2025-11-06T09:52:21.696243,2.64,rain
2025-11-06T09:52:34.296392,2.7,rain
2025-11-06T09:52:46.859432,2.7,rain
2025-11-06T09:52:59.463071,2.7,rain
2025-11-06T09:53:12.177670,2.7,rain
2025-11-06T09:53:24.852856,2.7,rain
2025-11-06T09:53:37.598212,2.7,rain
2025-11-06T09:53:50.363959,2.7,rain
2025-11-06T09:54:03.092076,2.7,rain
2025-11-06T09:54:15.691064,2.7,rain
2025-11-06T09:54:28.167410,2.7,rain
2025-11-06T09:54:40.406123,2.7,rain
2025-11-06T09:54:52.625566,2.81,rain
2025-11-06T09:55:05.341667,2.86,rain
2025-11-06T09:55:16.934209,3.08,rain
2025-11-06T09:55:28.708581,3.14,rain
2025-11-06T09:55:40.431456,3.14,rain
2025-11-06T09:55:52.199169,3.14,rain
2025-11-06T09:56:03.851468,3.83,rain
2025-11-06T09:56:14.625446,4.04,rain
2025-11-06T09:56:26.353345,4.15,rain
2025-11-06T09:56:38.095619,4.49,rain
2025-11-06T09:56:49.829587,5.47,rain
2025-11-06T09:57:01.227533,5.8,rain
2025-11-06T09:57:11.740223,5.83,rain
2025-11-06T09:57:23.674691,5.94,rain
2025-11-06T09:57:35.482782,6.01,rain
2025-11-06T09:57:47.893960,6.01,rain
2025-11-06T09:58:00.353981,6.01,rain
2025-11-06T09:58:12.879846,6.01,rain
2025-11-06T09:58:25.530142,6.04,rain
2025-11-06T09:58:38.384287,6.06,rain
2025-11-06T09:58:51.159773,6.22,rain
2025-11-06T09:59:03.970446,6.33,rain
2025-11-06T09:59:16.625295,6.45,rain
2025-11-06T09:59:29.348543,6.5,rain
2025-11-06T09:59:41.442757,6.5,rain
2025-11-06T09:59:53.751608,6.51,rain
2025-11-06T10:00:06.301503,6.51,rain
2025-11-06T10:00:18.743801,6.51,rain
2025-11-06T10:00:31.033944,6.51,rain
2025-11-06T10:00:43.237961,6.51,rain
2025-11-06T10:00:55.582839,6.53,rain
2025-11-06T10:01:07.844730,6.53,rain
2025-11-06T10:01:20.411838,6.53,rain
2025-11-06T10:01:32.942689,6.53,rain
2025-11-06T10:01:45.564188,6.53,rain
2025-11-06T10:01:58.156059,6.53,rain
2025-11-06T10:02:10.818468,6.53,rain
2025-11-06T10:02:23.350802,6.58,rain
2025-11-06T10:02:34.774642,6.59,rain
2025-11-06T10:02:46.532419,6.59,rain
2025-11-06T10:02:58.081358,6.59,rain
2025-11-06T10:03:10.830329,6.61,rain
2025-11-06T10:03:24.062115,6.7,rain
2025-11-06T10:03:37.164000,6.71,rain
2025-11-06T10:03:50.103195,6.76,rain
2025-11-06T10:04:02.870852,6.76,rain
2025-11-06T10:04:15.718673,6.76,rain
2025-11-06T10:04:28.415721,6.76,rain
2025-11-06T10:04:40.993916,6.76,rain
2025-11-06T10:04:53.478662,6.76,rain
2025-11-06T10:05:05.831259,6.76,rain
2025-11-06T10:05:18.159241,6.76,rain
2025-11-06T10:05:30.354904,6.76,rain
2025-11-06T10:05:42.691460,6.78,rain
2025-11-06T10:05:54.773646,6.78,rain
2025-11-06T10:06:07.099482,6.86,rain
2025-11-06T10:06:19.431125,6.86,rain
2025-11-06T10:06:32.017109,6.86,rain
2025-11-06T10:06:44.916909,6.89,rain
2025-11-06T10:06:57.628697,6.89,rain
2025-11-06T10:07:10.414872,6.89,rain
2025-11-06T10:07:23.256248,6.89,rain
2025-11-06T10:07:36.043969,6.89,rain
2025-11-06T10:07:48.637930,6.89,rain
2025-11-06T10:08:00.956466,6.89,rain
2025-11-06T10:08:13.092109,6.89,rain
2025-11-06T10:08:25.075382,6.89,rain
2025-11-06T10:08:37.192301,6.89,rain
2025-11-06T10:08:49.507579,6.89,rain
2025-11-06T10:09:01.976239,6.91,rain
2025-11-06T10:09:14.515013,6.91,rain
2025-11-06T10:09:26.990802,6.91,rain
2025-11-06T10:09:39.156088,6.91,rain
2025-11-06T10:09:51.123165,6.91,rain
2025-11-06T10:10:02.985647,6.91,rain
2025-11-06T10:10:14.941188,6.95,rain
2025-11-06T10:10:27.052573,6.99,rain
2025-11-06T10:10:39.436415,6.99,rain
2025-11-06T10:10:52.119576,7.03,rain
2025-11-06T10:11:04.976013,7.03,rain
2025-11-06T10:11:17.903171,7.03,rain
2025-11-06T10:11:30.766050,7.03,rain
2025-11-06T10:11:43.588091,7.03,rain
2025-11-06T10:11:56.286230,7.03,rain
2025-11-06T10:12:08.830527,7.03,rain
2025-11-06T10:12:21.346447,7.03,rain
2025-11-06T10:12:33.808225,7.03,rain
2025-11-06T10:12:46.349065,7.03,rain
2025-11-06T10:12:58.695145,7.03,rain
2025-11-06T10:13:10.926171,7.03,rain
2025-11-06T10:13:23.071430,7.03,rain
2025-11-06T10:13:35.216126,7.03,rain
2025-11-06T10:13:47.258542,7.12,rain
2025-11-06T10:13:59.376200,7.28,rain
2025-11-06T10:14:11.711330,7.29,rain
2025-11-06T10:14:24.275014,7.72,rain
2025-11-06T10:14:36.973476,7.94,rain
2025-11-06T10:14:49.736952,7.94,rain
2025-11-06T10:15:02.583476,7.94,rain
2025-11-06T10:15:15.396369,7.94,rain
2025-11-06T10:15:28.240033,7.94,rain
2025-11-06T10:15:41.057704,7.94,rain
2025-11-06T10:15:53.869162,7.94,rain
2025-11-06T10:16:06.642750,7.94,rain
2025-11-06T10:16:19.128355,7.94,rain
2025-11-06T10:16:31.354899,7.94,rain
2025-11-06T10:16:43.384044,7.94,rain
2025-11-06T10:16:55.405704,7.94,rain
2025-11-06T10:17:07.342172,7.94,rain
2025-11-06T10:17:19.217630,7.94,rain
2025-11-06T10:17:31.220016,7.94,rain
2025-11-06T10:17:43.267927,7.94,rain
2025-11-06T10:17:55.469572,7.99,rain
2025-11-06T10:18:07.900360,8.07,rain
2025-11-06T10:18:20.634911,8.07,rain
2025-11-06T10:18:33.254116,8.07,rain
2025-11-06T10:18:45.901849,8.07,rain
2025-11-06T10:18:58.567131,8.07,rain
2025-11-06T10:19:11.303961,8.07,rain
2025-11-06T10:19:24.049227,8.1,rain
2025-11-06T10:19:36.799019,8.1,rain
2025-11-06T10:19:49.575253,8.1,rain
2025-11-06T10:20:02.280749,8.1,rain
2025-11-06T10:20:15.019956,8.1,rain
2025-11-06T10:20:27.751653,8.1,rain
2025-11-06T10:20:40.517157,8.1,rain
2025-11-06T10:20:53.283289,8.1,rain
2025-11-06T10:21:05.868108,8.1,rain
2025-11-06T10:21:18.315116,8.1,rain
2025-11-06T10:21:30.488899,8.1,rain
2025-11-06T10:21:42.615141,8.22,rain
2025-11-06T10:21:54.692270,8.29,rain
2025-11-06T10:22:06.810155,8.29,rain
2025-11-06T10:22:18.887025,8.29,rain
2025-11-06T10:22:31.110689,8.29,rain
2025-11-06T10:22:43.638920,8.29,rain
2025-11-06T10:22:56.350170,8.29,rain
2025-11-06T10:23:09.176985,8.29,rain
2025-11-06T10:23:21.959600,8.29,rain
2025-11-06T10:23:34.610138,8.29,rain
2025-11-06T10:23:47.067894,8.29,rain
2025-11-06T10:23:59.383048,8.29,rain
2025-11-06T10:24:11.333286,8.29,rain
2025-11-06T10:24:23.025627,8.29,rain
2025-11-06T10:24:34.968268,8.29,rain
2025-11-06T10:24:46.647145,8.29,rain
2025-11-06T10:24:58.431259,8.29,rain
2025-11-06T10:25:10.253800,8.29,rain
2025-11-06T10:25:22.291021,8.29,rain
2025-11-06T10:25:34.309965,8.29,rain
2025-11-06T10:25:46.526067,8.29,rain
2025-11-06T10:25:58.842188,8.29,rain
2025-11-06T10:26:11.250263,8.29,rain
2025-11-06T10:26:23.656904,8.29,rain
2025-11-06T10:26:35.948762,8.29,rain
2025-11-06T10:26:48.241737,8.29,rain
2025-11-06T10:27:00.611270,8.29,rain
2025-11-06T10:27:13.096462,8.29,rain
2025-11-06T10:27:25.434344,8.3,rain
2025-11-06T10:27:37.730605,8.3,rain
2025-11-06T10:27:50.079670,8.3,rain
2025-11-06T10:28:02.544326,8.3,rain
2025-11-06T10:28:15.089452,8.3,rain
2025-11-06T10:28:27.632741,8.3,rain
2025-11-06T10:28:40.122637,8.3,rain
2025-11-06T10:28:52.447639,8.3,rain
2025-11-06T10:29:04.742882,8.3,rain
2025-11-06T10:29:16.863492,8.3,rain
2025-11-06T10:29:29.064426,8.3,rain
2025-11-06T10:29:41.355490,8.3,rain
2025-11-06T10:29:53.750948,8.3,rain
2025-11-06T10:30:06.318345,8.3,rain
2025-11-06T10:30:19.119171,8.3,rain
2025-11-06T10:30:32.015083,8.3,rain
2025-11-06T10:30:44.781272,8.3,rain
2025-11-06T10:30:57.476490,8.3,rain
2025-11-06T10:31:09.876865,8.3,rain
2025-11-06T10:31:22.077388,8.3,rain
2025-11-06T10:31:33.864054,8.3,rain
2025-11-06T10:31:45.543858,8.3,rain
2025-11-06T10:31:57.177470,8.3,rain
2025-11-06T10:32:08.598848,8.3,rain
2025-11-06T10:32:20.220938,8.3,rain
2025-11-06T10:32:31.975719,8.3,rain
2025-11-06T10:32:43.823015,8.31,rain
2025-11-06T10:32:56.077781,8.31,rain
2025-11-06T10:33:08.337600,8.31,rain
2025-11-06T10:33:20.350814,8.31,rain
2025-11-06T10:33:32.388104,8.31,rain
2025-11-06T10:33:44.344322,8.31,rain
2025-11-06T10:33:56.194516,8.31,rain
2025-11-06T10:34:08.057139,8.31,rain
2025-11-06T10:34:19.837957,8.31,rain
2025-11-06T10:34:31.626079,8.31,rain
2025-11-06T10:34:43.657381,8.31,rain
2025-11-06T10:34:55.413753,8.31,rain
2025-11-06T10:35:07.231796,8.31,rain
2025-11-06T10:35:19.051208,8.31,rain
2025-11-06T10:35:30.880624,8.31,rain
2025-11-06T10:35:42.758223,8.31,rain
2025-11-06T10:35:54.546007,8.31,rain
2025-11-06T10:36:06.475315,8.31,rain
2025-11-06T10:36:18.096098,8.31,rain
2025-11-06T10:36:29.770332,8.31,rain
2025-11-06T10:36:41.381275,8.31,rain
2025-11-06T10:36:53.024107,8.31,rain
2025-11-06T10:37:04.824812,8.31,rain
2025-11-06T10:37:16.310231,8.31,rain
2025-11-06T10:37:27.829188,8.31,rain
2025-11-06T10:37:39.348103,8.31,rain
2025-11-06T10:37:51.044664,8.31,rain
2025-11-06T10:38:02.555716,8.31,rain
2025-11-06T10:38:14.122449,8.31,rain
2025-11-06T10:38:25.586724,8.31,rain
2025-11-06T10:38:37.089302,8.31,rain
2025-11-06T10:38:48.976046,8.32,rain
2025-11-06T10:39:00.314367,8.35,rain
2025-11-06T10:39:11.746878,8.36,rain
2025-11-06T10:39:23.235709,8.36,rain
2025-11-06T10:39:34.669541,8.36,rain
2025-11-06T10:39:46.198915,8.39,rain
2025-11-06T10:39:57.644592,9.11,rain
2025-11-06T10:40:09.237495,9.69,rain
2025-11-06T10:40:20.884458,9.7,rain
2025-11-06T10:40:32.592642,9.7,rain
2025-11-06T10:40:44.347775,9.7,rain
2025-11-06T10:40:55.991981,9.7,rain
2025-11-06T10:41:07.923412,9.74,rain
2025-11-06T10:41:19.511107,9.89,rain
2025-11-06T10:41:31.268544,10.12,rain
2025-11-06T10:41:43.583287,10.18,rain
2025-11-06T10:41:55.208639,10.22,rain
2025-11-06T10:42:07.421189,10.54,rain
2025-11-06T10:42:19.152468,10.59,rain
2025-11-06T10:42:30.977790,10.59,rain
2025-11-06T10:42:42.852018,10.65,rain
2025-11-06T10:42:54.615164,10.65,rain
2025-11-06T10:43:06.088062,10.65,rain
2025-11-06T10:43:17.610327,10.65,rain
2025-11-06T10:43:29.116531,10.65,rain
2025-11-06T10:43:40.637823,10.65,rain
2025-11-06T10:43:52.330251,10.65,rain
2025-11-06T10:44:03.988882,10.65,rain
2025-11-06T10:44:15.696366,10.65,rain
2025-11-06T10:44:27.445696,10.65,rain
2025-11-06T10:44:39.442443,10.65,rain
2025-11-06T10:44:51.212365,10.65,rain
2025-11-06T10:45:02.906536,10.65,rain
2025-11-06T10:45:14.481310,10.65,rain
2025-11-06T10:45:26.196010,10.65,rain
2025-11-06T10:45:37.680304,10.65,rain
2025-11-06T10:45:49.162755,10.65,rain
2025-11-06T10:46:00.844209,10.65,rain
2025-11-06T10:46:12.501552,10.65,rain
2025-11-06T10:46:24.240161,10.65,rain
2025-11-06T10:46:35.964610,10.65,rain
2025-11-06T10:46:47.512536,10.65,rain
2025-11-06T10:46:59.321347,10.65,rain
2025-11-06T10:47:10.911194,10.65,rain
2025-11-06T10:47:22.402641,10.65,rain
2025-11-06T10:47:34.080720,10.65,rain
2025-11-06T10:47:45.782322,10.65,rain
2025-11-06T10:47:57.357625,10.7,rain
2025-11-06T10:48:09.096776,10.7,rain
2025-11-06T10:48:21.369695,10.75,rain
2025-11-06T10:48:33.860137,10.76,rain
2025-11-06T10:48:46.331874,10.76,rain
2025-11-06T10:48:59.070498,10.76,rain
2025-11-06T10:49:11.817759,10.76,rain
2025-11-06T10:49:24.254937,10.76,rain
2025-11-06T10:49:36.444900,10.76,rain
2025-11-06T10:49:48.787351,10.76,rain
2025-11-06T10:50:00.933452,10.76,rain
2025-11-06T10:50:12.929432,10.76,rain
2025-11-06T10:50:24.753843,10.76,rain
2025-11-06T10:50:36.437772,10.76,rain
2025-11-06T10:50:48.059711,10.76,rain
2025-11-06T10:50:59.646660,10.76,rain
2025-11-06T10:51:11.347796,10.76,rain
2025-11-06T10:51:22.837122,10.76,rain
2025-11-06T10:51:34.460123,10.76,rain
2025-11-06T10:51:46.159840,10.78,rain
2025-11-06T10:51:58.226575,10.78,rain
2025-11-06T10:52:10.673887,10.78,rain
2025-11-06T10:52:23.354243,10.78,rain
2025-11-06T10:52:35.854768,10.78,rain
2025-11-06T10:52:48.421323,10.78,rain
2025-11-06T10:53:01.043440,10.79,rain
2025-11-06T10:53:13.201943,10.79,rain
2025-11-06T10:53:25.159362,10.79,rain
2025-11-06T10:53:36.973350,10.79,rain
2025-11-06T10:53:48.675694,10.79,rain
2025-11-06T10:54:00.329538,10.79,rain
2025-11-06T10:54:11.879756,10.79,rain
2025-11-06T10:54:23.327109,10.79,rain
2025-11-06T10:54:34.897587,10.79,rain
2025-11-06T10:54:46.363446,10.79,rain
2025-11-06T10:54:58.017626,10.79,rain
2025-11-06T10:55:09.724155,10.79,rain
2025-11-06T10:55:21.647720,10.79,rain
2025-11-06T10:55:33.929549,10.79,rain
2025-11-06T10:55:46.314838,10.84,rain
2025-11-06T10:55:58.789777,10.9,rain
2025-11-06T10:56:11.148267,11.0,rain
2025-11-06T10:56:23.402090,11.0,rain
2025-11-06T10:56:35.652754,11.03,rain
2025-11-06T10:56:47.743407,11.03,rain
2025-11-06T10:56:59.553615,11.03,rain
2025-11-06T10:57:11.382160,11.03,rain
2025-11-06T10:57:22.983084,11.03,rain
2025-11-06T10:57:34.692484,11.03,rain
2025-11-06T10:57:46.522174,11.03,rain
2025-11-06T10:57:58.261789,11.03,rain
2025-11-06T10:58:10.159292,11.09,rain
2025-11-06T10:58:22.092345,11.09,rain
2025-11-06T10:58:34.334805,11.09,rain
2025-11-06T10:58:46.444771,11.09,rain
2025-11-06T10:58:58.591417,11.09,rain
2025-11-06T10:59:10.767117,11.09,rain
2025-11-06T10:59:23.108811,11.09,rain
2025-11-06T10:59:35.747871,11.09,rain
2025-11-06T10:59:48.512571,11.09,rain
2025-11-06T11:00:01.306563,11.09,rain
2025-11-06T11:00:14.106210,11.09,rain
2025-11-06T11:00:26.818177,11.15,rain
2025-11-06T11:00:39.349543,11.15,rain
2025-11-06T11:00:51.676634,11.15,rain
2025-11-06T11:01:03.730315,11.15,rain
2025-11-06T11:01:15.682808,11.15,rain
2025-11-06T11:01:27.863625,11.15,rain
2025-11-06T11:01:39.493983,11.15,rain
2025-11-06T11:01:51.026226,11.15,rain
2025-11-06T11:02:02.588552,11.15,rain
2025-11-06T11:02:13.996141,11.15,rain
2025-11-06T11:02:25.554406,11.15,rain
2025-11-06T11:02:37.359514,11.15,rain
2025-11-06T11:02:49.318753,11.15,rain
2025-11-06T11:03:01.392705,11.15,rain
2025-11-06T11:03:13.545698,11.18,rain
2025-11-06T11:03:25.885911,11.18,rain
2025-11-06T11:03:38.576844,11.18,rain
2025-11-06T11:03:51.075919,11.18,rain
2025-11-06T11:04:03.544281,11.18,rain
2025-11-06T11:04:15.782938,11.18,rain
2025-11-06T11:04:27.780255,11.18,rain
2025-11-06T11:04:39.786276,11.18,rain
2025-11-06T11:04:51.657224,11.18,rain
2025-11-06T11:05:03.432634,11.18,rain
2025-11-06T11:05:15.448481,11.21,rain
2025-11-06T11:05:27.418272,11.21,rain
2025-11-06T11:05:39.501703,11.21,rain
2025-11-06T11:05:51.547404,11.21,rain
2025-11-06T11:06:03.586334,11.21,rain
2025-11-06T11:06:15.557563,11.21,rain
2025-11-06T11:06:27.629612,11.21,rain
2025-11-06T11:06:39.940222,11.21,rain
2025-11-06T11:06:52.601796,11.21,rain
2025-11-06T11:07:05.444061,11.21,rain
2025-11-06T11:07:18.246091,11.21,rain
2025-11-06T11:07:31.088040,11.21,rain
2025-11-06T11:07:43.972884,11.26,rain
2025-11-06T11:07:56.774185,11.26,rain
2025-11-06T11:08:09.504941,11.26,rain
2025-11-06T11:08:22.297836,11.26,rain
2025-11-06T11:08:34.872246,11.26,rain
2025-11-06T11:08:47.112691,11.26,rain
2025-11-06T11:08:59.255286,11.26,rain
2025-11-06T11:09:11.154684,11.26,rain
2025-11-06T11:09:22.908236,11.26,rain
2025-11-06T11:09:34.587530,11.26,rain
2025-11-06T11:09:46.287670,11.26,rain
2025-11-06T11:09:57.821234,11.26,rain
2025-11-06T11:10:09.535176,11.26,rain
2025-11-06T11:10:21.196494,11.26,rain
2025-11-06T11:10:32.632151,11.26,rain
2025-11-06T11:10:44.121385,11.26,rain
2025-11-06T11:10:55.681030,11.26,rain
2025-11-06T11:11:07.352741,11.26,rain
2025-11-06T11:11:18.924658,11.26,rain
2025-11-06T11:11:30.586878,11.26,rain
2025-11-06T11:11:42.567204,11.26,rain
2025-11-06T11:11:54.692805,11.26,rain
2025-11-06T11:12:06.925717,11.26,rain
2025-11-06T11:12:19.321363,11.26,rain
2025-11-06T11:12:31.825793,11.26,rain
2025-11-06T11:12:44.393302,11.26,rain
2025-11-06T11:12:56.977133,11.26,rain
2025-11-06T11:13:09.413450,11.31,rain
2025-11-06T11:13:21.799459,11.31,rain
2025-11-06T11:13:33.992211,11.31,rain
2025-11-06T11:13:46.126200,11.31,rain
2025-11-06T11:13:58.286972,11.31,rain
2025-11-06T11:14:10.556702,11.31,rain
2025-11-06T11:14:22.963883,11.31,rain
2025-11-06T11:14:35.440403,11.31,rain
2025-11-06T11:14:48.078177,11.31,rain
2025-11-06T11:15:00.803053,11.31,rain
2025-11-06T11:15:13.464575,11.31,rain
2025-11-06T11:15:26.068735,11.31,rain
2025-11-06T11:15:38.539887,11.31,rain
2025-11-06T11:15:50.955912,11.31,rain
2025-11-06T11:16:03.297059,11.31,rain
2025-11-06T11:16:15.544189,11.31,rain
2025-11-06T11:16:27.740182,11.31,rain
2025-11-06T11:16:40.010213,11.31,rain
2025-11-06T11:16:52.312691,11.31,rain
2025-11-06T11:17:04.573286,11.31,rain
2025-11-06T11:17:16.664224,11.31,rain
2025-11-06T11:17:28.976808,11.31,rain
2025-11-06T11:17:41.364149,11.4,rain
2025-11-06T11:17:53.957400,11.4,rain
2025-11-06T11:18:06.554163,11.4,rain
2025-11-06T11:18:19.005927,11.4,rain
2025-11-06T11:18:31.282985,11.4,rain
2025-11-06T11:18:43.480442,11.4,rain
2025-11-06T11:18:55.565577,11.4,rain
2025-11-06T11:19:07.519118,11.4,rain
2025-11-06T11:19:19.517654,11.4,rain
2025-11-06T11:19:31.545669,11.4,rain
2025-11-06T11:19:43.595805,11.4,rain
2025-11-06T11:19:55.848963,11.4,rain
2025-11-06T11:20:08.131169,11.4,rain
2025-11-06T11:20:20.415792,11.4,rain
2025-11-06T11:20:32.929653,11.4,rain
2025-11-06T11:20:45.755803,11.4,rain
2025-11-06T11:20:58.620167,11.4,rain
2025-11-06T11:21:11.496247,11.4,rain
2025-11-06T11:21:24.346537,11.4,rain
2025-11-06T11:21:37.079172,11.4,rain
2025-11-06T11:21:49.687163,11.4,rain
2025-11-06T11:22:02.229542,11.4,rain
2025-11-06T11:22:14.485460,11.4,rain
2025-11-06T11:22:26.592476,11.4,rain
2025-11-06T11:22:38.524817,11.4,rain
2025-11-06T11:22:50.523023,11.4,rain
2025-11-06T11:23:02.483827,11.4,rain
2025-11-06T11:23:14.417792,11.4,rain
2025-11-06T11:23:26.327606,11.4,rain
2025-11-06T11:23:38.455794,11.4,rain
2025-11-06T11:23:50.572973,11.4,rain
2025-11-06T11:24:02.429448,11.4,rain
2025-11-06T11:24:14.114586,11.44,rain
2025-11-06T11:24:25.833014,11.44,rain
2025-11-06T11:24:37.248434,11.44,rain
2025-11-06T11:24:48.782720,11.44,rain
2025-11-06T11:25:00.215687,11.44,rain
2025-11-06T11:25:11.026280,11.45,rain
2025-11-06T11:25:21.670747,11.53,rain
2025-11-06T11:25:32.641279,11.69,rain
2025-11-06T11:25:43.825002,11.69,rain
2025-11-06T11:25:55.097213,11.86,rain
2025-11-06T11:26:06.292634,11.99,rain
2025-11-06T11:26:17.397161,12.12,rain
2025-11-06T11:26:28.468011,12.21,rain
2025-11-06T11:26:40.215971,12.24,rain
2025-11-06T11:26:51.772512,12.31,rain
2025-11-06T11:27:03.344636,12.34,rain
2025-11-06T11:27:15.128918,12.34,rain
2025-11-06T11:27:26.967639,12.34,rain
2025-11-06T11:27:38.814570,12.34,rain
2025-11-06T11:27:50.660968,12.34,rain
2025-11-06T11:28:02.484440,12.34,rain
2025-11-06T11:28:14.189691,12.34,rain
2025-11-06T11:28:25.783363,12.34,rain
2025-11-06T11:28:37.604023,12.34,rain
2025-11-06T11:28:49.388453,12.34,rain
2025-11-06T11:29:00.910333,12.34,rain
2025-11-06T11:29:12.657413,12.34,rain
2025-11-06T11:29:24.405826,12.34,rain
2025-11-06T11:29:36.235552,12.34,rain
2025-11-06T11:29:48.304812,12.34,rain
2025-11-06T11:30:00.655528,12.35,rain
2025-11-06T11:30:12.877204,12.41,rain
2025-11-06T11:30:25.394128,12.41,rain
2025-11-06T11:30:38.218123,12.41,rain
2025-11-06T11:30:51.024112,12.41,rain
2025-11-06T11:31:03.787455,12.41,rain
2025-11-06T11:31:16.568669,12.41,rain
2025-11-06T11:31:29.251072,12.41,rain
2025-11-06T11:31:41.795439,12.41,rain
2025-11-06T11:31:54.154850,12.41,rain
2025-11-06T11:32:05.871338,12.54,rain
2025-11-06T11:32:16.982297,12.54,rain
2025-11-06T11:32:28.321883,12.55,rain
2025-11-06T11:32:39.281333,12.55,rain
2025-11-06T11:32:50.205520,12.55,rain
2025-11-06T11:33:01.269558,12.55,rain
2025-11-06T11:33:12.288037,12.56,rain
2025-11-06T11:33:23.037495,12.59,rain
2025-11-06T11:33:34.871150,12.64,rain
2025-11-06T11:33:46.997567,12.64,rain
2025-11-06T11:33:59.300822,12.64,rain
2025-11-06T11:34:11.724431,12.64,rain
2025-11-06T11:34:24.124798,12.64,rain
2025-11-06T11:34:36.576978,12.64,rain
2025-11-06T11:34:49.011722,12.64,rain
2025-11-06T11:35:01.508078,12.64,rain
2025-11-06T11:35:13.883451,12.64,rain
2025-11-06T11:35:26.184965,12.64,rain
2025-11-06T11:35:38.400294,12.64,rain
2025-11-06T11:35:49.644050,12.65,rain
2025-11-06T11:36:00.591884,12.65,rain
2025-11-06T11:36:11.434553,12.72,rain
2025-11-06T11:36:22.287517,12.89,rain
2025-11-06T11:36:33.170330,12.97,rain
2025-11-06T11:36:44.378760,12.97,rain
2025-11-06T11:36:55.245636,13.0,rain
2025-11-06T11:37:06.756623,13.01,rain
2025-11-06T11:37:18.593989,13.01,rain
2025-11-06T11:37:30.352523,13.01,rain
2025-11-06T11:37:42.149069,13.11,rain
2025-11-06T11:37:53.779844,13.18,rain
2025-11-06T11:38:05.847616,13.18,rain
2025-11-06T11:38:17.936581,13.18,rain
2025-11-06T11:38:30.098160,13.18,rain
2025-11-06T11:38:42.199778,13.18,rain
2025-11-06T11:38:54.698664,13.18,rain
2025-11-06T11:39:07.025738,13.18,rain
2025-11-06T11:39:19.787638,13.18,rain
2025-11-06T11:39:32.027345,13.18,rain
2025-11-06T11:39:44.240222,13.18,rain
2025-11-06T11:39:56.377528,13.18,rain
2025-11-06T11:40:08.286912,13.18,rain
2025-11-06T11:40:20.134168,13.18,rain
2025-11-06T11:40:31.989573,13.18,rain
2025-11-06T11:40:43.723839,13.18,rain
2025-11-06T11:40:55.256047,13.29,rain
2025-11-06T11:41:06.518202,13.29,rain
2025-11-06T11:41:18.427476,13.29,rain
2025-11-06T11:41:29.966301,13.29,rain
2025-11-06T11:41:41.822177,13.29,rain
2025-11-06T11:41:52.850078,13.35,rain
2025-11-06T11:42:03.829690,13.35,rain
2025-11-06T11:42:15.015154,13.36,rain
2025-11-06T11:42:26.175637,13.36,rain
2025-11-06T11:42:37.405738,13.36,rain
2025-11-06T11:42:48.915325,13.36,rain
2025-11-06T11:43:00.051046,13.38,rain
2025-11-06T11:43:11.494254,13.38,rain
2025-11-06T11:43:22.669207,13.38,rain
2025-11-06T11:43:33.929967,13.38,rain
2025-11-06T11:43:45.127950,13.4,rain
2025-11-06T11:43:56.714176,13.4,rain
2025-11-06T11:44:07.858931,13.4,rain
2025-11-06T11:44:19.353649,13.47,rain
2025-11-06T11:44:30.619760,13.49,rain
2025-11-06T11:44:42.058846,13.56,rain
2025-11-06T11:44:53.216135,13.7,rain
2025-11-06T11:45:04.418248,13.7,rain
2025-11-06T11:45:15.737468,13.74,rain
2025-11-06T11:45:27.142124,13.99,rain
2025-11-06T11:45:39.162791,14.01,rain
2025-11-06T11:45:50.951718,14.05,rain
2025-11-06T11:46:02.316555,14.12,rain
2025-11-06T11:46:13.463928,14.12,rain
2025-11-06T11:46:24.707535,14.12,rain
2025-11-06T11:46:35.866079,14.12,rain
2025-11-06T11:46:47.291042,14.12,rain
2025-11-06T11:46:58.804672,14.12,rain
2025-11-06T11:47:09.984907,14.12,rain
2025-11-06T11:47:21.516586,14.12,rain
2025-11-06T11:47:32.659159,14.12,rain
2025-11-06T11:47:44.043634,14.12,rain
2025-11-06T11:47:55.511536,14.12,rain
2025-11-06T11:48:06.744688,14.12,rain
2025-11-06T11:48:18.289194,14.12,rain
2025-11-06T11:48:29.615347,14.12,rain
2025-11-06T11:48:41.108818,14.12,rain
2025-11-06T11:48:52.524242,14.12,rain
2025-11-06T11:49:03.849021,14.12,rain
2025-11-06T11:49:15.250196,14.12,rain
2025-11-06T11:49:26.729430,14.19,rain
2025-11-06T11:49:38.049497,14.25,rain
2025-11-06T11:49:49.647634,14.3,rain
2025-11-06T11:50:01.155376,14.3,rain
2025-11-06T11:50:12.898393,14.3,rain
2025-11-06T11:50:24.660677,14.3,rain
2025-11-06T11:50:36.191505,14.72,rain
2025-11-06T11:50:47.848334,14.81,rain
2025-11-06T11:50:59.390572,14.88,rain
2025-11-06T11:51:10.983150,15.1,rain
2025-11-06T11:51:22.696338,15.32,rain
2025-11-06T11:51:34.578392,15.32,rain
2025-11-06T11:51:46.319420,15.4,rain
2025-11-06T11:51:58.464449,15.55,rain
2025-11-06T11:52:10.583146,15.56,rain
2025-11-06T11:52:22.896862,15.88,rain
2025-11-06T11:52:34.686805,16.27,rain
2025-11-06T11:52:46.727431,16.52,rain
2025-11-06T11:52:58.514527,17.25,rain
2025-11-06T11:53:10.093444,17.43,rain
2025-11-06T11:53:21.714689,17.54,rain
2025-11-06T11:53:33.499742,17.61,rain
2025-11-06T11:53:45.405239,17.71,rain
2025-11-06T11:53:57.474794,17.74,rain
2025-11-06T11:54:08.961986,17.76,rain
2025-11-06T11:54:20.683963,18.26,rain
2025-11-06T11:54:32.009218,18.34,rain
2025-11-06T11:54:43.594193,18.35,rain
2025-11-06T11:54:55.214612,18.41,rain
2025-11-06T11:55:06.707715,18.76,rain
2025-11-06T11:55:18.293418,18.88,rain
2025-11-06T11:55:29.872542,18.95,rain
2025-11-06T11:55:41.488078,19.0,rain
2025-11-06T11:55:52.772224,19.14,rain
2025-11-06T11:56:04.339755,19.51,rain
2025-11-06T11:56:16.090154,19.66,rain
2025-11-06T11:56:27.284909,19.79,rain
2025-11-06T11:56:38.881601,19.9,rain
2025-11-06T11:56:50.330907,20.04,rain
2025-11-06T11:57:01.768532,20.41,rain
2025-11-06T11:57:13.148507,20.74,rain
2025-11-06T11:57:24.480944,20.96,rain
2025-11-06T11:57:35.983824,21.05,rain
2025-11-06T11:57:47.406199,21.12,rain
2025-11-06T11:57:58.919281,21.12,rain
2025-11-06T11:58:10.574190,21.14,rain
2025-11-06T11:58:22.051806,21.27,rain
2025-11-06T11:58:33.316088,21.44,rain
2025-11-06T11:58:44.869940,21.44,rain
2025-11-06T11:58:56.348393,21.44,rain
2025-11-06T11:59:07.860032,21.44,rain
2025-11-06T11:59:19.060498,21.44,rain
2025-11-06T11:59:30.523509,21.44,rain
2025-11-06T11:59:42.414682,21.45,rain
2025-11-06T11:59:54.258800,21.45,rain
2025-11-06T12:00:07.397597,21.45,rain
2025-11-06T12:00:20.688507,21.46,rain
2025-11-06T12:00:32.327778,21.54,rain
2025-11-06T12:00:43.949720,21.56,rain
2025-11-06T12:00:55.556029,21.8,rain
2025-11-06T12:01:07.304064,22.15,rain
2025-11-06T12:01:18.811274,22.38,rain
2025-11-06T12:01:30.444963,22.61,rain
2025-11-06T12:01:41.889655,22.7,rain
2025-11-06T12:01:53.317585,22.7,rain
2025-11-06T12:02:04.832639,22.75,rain
2025-11-06T12:02:16.677344,22.79,rain
2025-11-06T12:02:27.745021,22.79,rain
2025-11-06T12:02:38.897934,22.79,rain
2025-11-06T12:02:50.249062,22.79,rain
2025-11-06T12:03:01.457619,22.79,rain
2025-11-06T12:03:12.564139,22.79,rain
2025-11-06T12:03:23.628245,22.79,rain
2025-11-06T12:03:34.872931,22.79,rain
2025-11-06T12:03:45.900601,22.79,rain
2025-11-06T12:03:57.753423,22.81,rain
2025-11-06T12:04:09.714451,22.88,rain
2025-11-06T12:04:21.562598,22.93,rain
2025-11-06T12:04:33.149604,23.01,rain
2025-11-06T12:04:44.588075,23.24,rain
2025-11-06T12:04:56.216155,23.36,rain
2025-11-06T12:05:07.649670,23.44,rain
2025-11-06T12:05:19.106283,23.48,rain
2025-11-06T12:05:30.407224,23.48,rain
2025-11-06T12:05:41.896581,23.5,rain
2025-11-06T12:05:53.274846,23.5,rain
2025-11-06T12:06:04.935650,23.5,rain
2025-11-06T12:06:16.294145,23.52,rain
2025-11-06T12:06:27.626087,23.64,rain
2025-11-06T12:06:38.871824,23.64,rain
2025-11-06T12:06:50.151690,23.64,rain
2025-11-06T12:07:01.623542,23.65,rain
2025-11-06T12:07:13.318725,23.65,rain
2025-11-06T12:07:25.002510,23.65,rain
2025-11-06T12:07:36.688522,23.82,rain
2025-11-06T12:07:48.301856,23.88,rain
2025-11-06T12:08:00.013155,23.89,rain
2025-11-06T12:08:11.894621,24.0,rain
2025-11-06T12:08:23.788699,24.01,rain
2025-11-06T12:08:35.605862,24.02,rain
2025-11-06T12:08:47.418360,24.02,rain
2025-11-06T12:08:59.004189,24.02,rain
2025-11-06T12:09:10.525617,24.02,rain
2025-11-06T12:09:22.622652,24.14,rain
2025-11-06T12:09:34.431409,24.15,rain
2025-11-06T12:09:46.466405,24.16,rain
2025-11-06T12:09:58.473226,24.27,rain
2025-11-06T12:10:10.572129,24.82,rain
2025-11-06T12:10:22.322613,24.84,rain
2025-11-06T12:10:33.793610,24.91,rain
2025-11-06T12:10:45.354390,24.94,rain
2025-11-06T12:10:57.101218,24.99,rain
2025-11-06T12:11:08.904059,25.56,rain
2025-11-06T12:11:20.578023,26.16,rain
2025-11-06T12:11:32.059122,26.31,rain
2025-11-06T12:11:43.686294,26.52,rain
2025-11-06T12:11:55.094716,26.55,rain
2025-11-06T12:12:06.514147,26.55,rain
2025-11-06T12:12:17.719348,26.55,rain
2025-11-06T12:12:28.964100,26.55,rain
2025-11-06T12:12:40.210851,26.55,rain
2025-11-06T12:12:51.389313,26.55,rain
2025-11-06T12:13:03.290974,26.99,rain
2025-11-06T12:13:15.096528,27.44,rain
2025-11-06T12:13:26.953429,27.45,rain
2025-11-06T12:13:38.922973,27.45,rain
2025-11-06T12:13:50.578821,28.1,rain
2025-11-06T12:14:02.355150,28.66,rain
2025-11-06T12:14:13.864554,28.69,rain
2025-11-06T12:14:25.693616,28.7,rain
2025-11-06T12:14:37.434948,28.7,rain
2025-11-06T12:14:48.833765,28.7,rain
2025-11-06T12:15:00.330917,28.73,rain
2025-11-06T12:15:12.000917,28.98,rain
2025-11-06T12:15:23.456809,28.98,rain
2025-11-06T12:15:34.872142,28.98,rain
2025-11-06T12:15:46.295211,28.98,rain
2025-11-06T12:15:57.870712,28.98,rain
2025-11-06T12:16:09.688804,28.99,rain
2025-11-06T12:16:21.477696,28.99,rain
2025-11-06T12:16:33.125057,29.0,rain
2025-11-06T12:16:44.789211,29.0,rain
2025-11-06T12:16:57.006911,29.06,rain
2025-11-06T12:17:08.578170,29.09,rain
2025-11-06T12:17:21.178225,29.09,rain
2025-11-06T12:17:32.847053,29.15,rain
2025-11-06T12:17:44.173259,29.15,rain
2025-11-06T12:17:55.744621,29.15,rain
2025-11-06T12:18:07.389469,29.15,rain
2025-11-06T12:18:18.745711,29.15,rain
2025-11-06T12:18:30.335149,29.15,rain
2025-11-06T12:18:41.874399,29.15,rain
2025-11-06T12:18:53.742141,29.19,rain
2025-11-06T12:19:05.155823,29.19,rain
2025-11-06T12:19:16.624971,29.21,rain
2025-11-06T12:19:28.029288,29.21,rain
2025-11-06T12:19:39.364888,29.21,rain
2025-11-06T12:19:50.521510,29.21,rain
2025-11-06T12:20:01.826431,29.21,rain
2025-11-06T12:20:13.071006,29.21,rain
2025-11-06T12:20:24.326167,29.21,rain
2025-11-06T12:20:36.177414,29.23,rain
2025-11-06T12:20:47.966484,29.36,rain
2025-11-06T12:20:59.813002,29.36,rain
2025-11-06T12:21:11.612700,29.36,rain
2025-11-06T12:21:23.267834,29.36,rain
2025-11-06T12:21:34.850158,29.36,rain
2025-11-06T12:21:46.483827,29.38,rain
2025-11-06T12:21:57.877338,29.38,rain
2025-11-06T12:22:09.414662,29.38,rain
2025-11-06T12:22:21.048006,29.38,rain
2025-11-06T12:22:32.818181,29.38,rain
2025-11-06T12:22:44.368524,29.38,rain
2025-11-06T12:22:55.904831,29.38,rain
2025-11-06T12:23:07.605977,29.4,rain
2025-11-06T12:23:19.244182,29.4,rain
2025-11-06T12:23:30.792741,29.5,rain
2025-11-06T12:23:42.267534,29.57,rain
2025-11-06T12:23:53.798638,29.64,rain
2025-11-06T12:24:05.509159,29.68,rain
2025-11-06T12:24:17.265027,29.84,rain
2025-11-06T12:24:28.901294,29.84,rain
2025-11-06T12:24:40.512126,29.9,rain
2025-11-06T12:24:52.148171,30.19,rain
2025-11-06T12:25:03.820461,30.27,rain
2025-11-06T12:25:15.386023,30.29,rain
2025-11-06T12:25:27.081914,30.3,rain
2025-11-06T12:25:38.652578,30.3,rain
2025-11-06T12:25:50.396155,30.3,rain
2025-11-06T12:26:02.058936,30.3,rain
2025-11-06T12:26:13.734905,30.3,rain
2025-11-06T12:26:25.535399,30.3,rain
2025-11-06T12:26:37.078112,30.3,rain
2025-11-06T12:26:48.674535,30.31,rain
2025-11-06T12:27:00.914292,30.31,rain
2025-11-06T12:27:13.704123,30.31,rain
2025-11-06T12:27:26.591281,30.31,rain
2025-11-06T12:27:38.975022,30.34,rain
2025-11-06T12:27:50.522973,30.34,rain
2025-11-06T12:28:01.785575,30.34,rain
2025-11-06T12:28:13.583543,30.4,rain
2025-11-06T12:28:25.355755,30.4,rain
2025-11-06T12:28:36.916567,30.4,rain
2025-11-06T12:28:48.236777,30.4,rain
2025-11-06T12:29:00.631548,30.4,rain
2025-11-06T12:29:12.618174,30.4,rain
2025-11-06T12:29:24.842812,30.4,rain
2025-11-06T12:29:36.680213,30.41,rain
2025-11-06T12:29:48.442830,30.41,rain
2025-11-06T12:30:00.059967,30.41,rain
2025-11-06T12:30:12.108483,30.44,rain
2025-11-06T12:30:23.940152,30.46,rain
2025-11-06T12:30:35.988101,30.46,rain
2025-11-06T12:30:47.760868,30.46,rain
2025-11-06T12:30:59.470695,30.48,rain
2025-11-06T12:31:10.826145,30.48,rain
2025-11-06T12:31:22.501061,30.5,rain
2025-11-06T12:31:34.157554,30.5,rain
2025-11-06T12:31:46.037355,30.5,rain
2025-11-06T12:31:57.877732,30.5,rain
2025-11-06T12:32:09.603287,30.5,rain
2025-11-06T12:32:21.446308,30.5,rain
2025-11-06T12:32:33.569579,30.5,rain
2025-11-06T12:32:45.205498,30.5,rain
2025-11-06T12:32:57.116763,30.52,rain
2025-11-06T12:33:09.213170,30.59,rain
2025-11-06T12:33:21.306355,30.61,rain
2025-11-06T12:33:33.352835,30.75,rain
2025-11-06T12:33:45.173564,30.85,rain
2025-11-06T12:33:57.511471,30.85,rain
2025-11-06T12:34:10.009836,30.85,rain
2025-11-06T12:34:22.475791,30.85,rain
2025-11-06T12:34:34.516501,30.93,rain
2025-11-06T12:34:46.216279,30.94,rain
2025-11-06T12:34:58.134294,30.94,rain
2025-11-06T12:35:09.974908,30.94,rain
2025-11-06T12:35:21.879914,30.94,rain
2025-11-06T12:35:33.813197,30.95,rain
2025-11-06T12:35:45.851671,30.98,rain
2025-11-06T12:35:57.936001,31.0,rain
2025-11-06T12:36:09.820007,31.06,rain
2025-11-06T12:36:21.876395,31.06,rain
2025-11-06T12:36:33.915176,31.1,rain
2025-11-06T12:36:45.850753,31.19,rain
2025-11-06T12:36:57.806020,31.21,rain
2025-11-06T12:37:09.811432,31.25,rain
2025-11-06T12:37:21.804417,31.25,rain
2025-11-06T12:37:33.855248,31.26,rain
2025-11-06T12:37:46.377234,31.26,rain
2025-11-06T12:37:58.996672,31.26,rain
2025-11-06T12:38:12.265597,31.26,rain
2025-11-06T12:38:24.932770,31.26,rain
2025-11-06T12:38:37.195059,31.29,rain
2025-11-06T12:38:49.842101,31.29,rain
2025-11-06T12:39:02.132667,31.29,rain
2025-11-06T12:39:13.738991,31.3,rain
2025-11-06T12:39:25.386296,31.3,rain
2025-11-06T12:39:36.770172,31.3,rain
2025-11-06T12:39:48.148392,31.31,rain
2025-11-06T12:39:59.495399,31.34,rain
2025-11-06T12:40:11.515120,31.4,rain
2025-11-06T12:40:22.776098,31.4,rain
2025-11-06T12:40:34.882339,31.41,rain
2025-11-06T12:40:47.252032,31.41,rain
2025-11-06T12:40:59.439913,31.45,rain
2025-11-06T12:41:11.053014,31.51,rain
2025-11-06T12:41:22.881265,31.6,rain
2025-11-06T12:41:34.776639,31.65,rain
2025-11-06T12:41:46.622490,31.66,rain
2025-11-06T12:41:58.579838,31.7,rain
2025-11-06T12:42:10.511308,31.7,rain
2025-11-06T12:42:22.337447,31.7,rain
2025-11-06T12:42:34.439148,31.7,rain
2025-11-06T12:42:46.632981,31.73,rain
2025-11-06T12:42:58.971482,31.74,rain
2025-11-06T12:43:11.442624,31.79,rain
2025-11-06T12:43:23.690879,31.79,rain
2025-11-06T12:43:36.071368,31.79,rain
2025-11-06T12:43:48.260164,31.79,rain
2025-11-06T12:44:00.174540,31.85,rain
2025-11-06T12:44:11.468302,31.86,rain
2025-11-06T12:44:22.842110,31.86,rain
2025-11-06T12:44:34.650709,31.89,rain
2025-11-06T12:44:46.107091,31.9,rain
2025-11-06T12:44:57.494209,31.9,rain
2025-11-06T12:45:09.543146,31.91,rain
2025-11-06T12:45:21.472949,32.01,rain
2025-11-06T12:45:33.542462,32.16,rain
2025-11-06T12:45:45.801463,32.16,rain
2025-11-06T12:45:58.177616,32.16,rain
2025-11-06T12:46:10.509581,32.16,rain
2025-11-06T12:46:23.089637,32.39,rain
2025-11-06T12:46:35.778119,32.8,rain
2025-11-06T12:46:48.290444,32.81,rain
2025-11-06T12:47:00.768996,32.81,rain
2025-11-06T12:47:13.178963,32.81,rain
2025-11-06T12:47:25.542591,32.84,rain
2025-11-06T12:47:37.995154,32.84,rain
2025-11-06T12:47:50.017453,32.84,rain
2025-11-06T12:48:02.174726,32.88,rain
2025-11-06T12:48:14.431772,32.94,rain
2025-11-06T12:48:26.731199,32.98,rain
2025-11-06T12:48:38.901351,33.04,rain
2025-11-06T12:48:50.972355,33.08,rain
2025-11-06T12:49:02.742223,33.23,rain
2025-11-06T12:49:14.710324,33.23,rain
2025-11-06T12:49:27.073144,33.26,rain
2025-11-06T12:49:39.572037,33.26,rain
2025-11-06T12:49:52.063568,33.26,rain
2025-11-06T12:50:04.575492,33.26,rain
2025-11-06T12:50:17.207120,33.26,rain
2025-11-06T12:50:29.629071,33.29,rain
2025-11-06T12:50:41.715570,33.33,rain
2025-11-06T12:50:53.955544,33.36,rain
2025-11-06T12:51:06.205581,33.39,rain
2025-11-06T12:51:18.672520,33.39,rain
2025-11-06T12:51:31.336155,33.39,rain
2025-11-06T12:51:43.842465,33.39,rain
2025-11-06T12:51:56.235485,33.44,rain
2025-11-06T12:52:08.218566,33.45,rain
2025-11-06T12:52:20.254583,33.58,rain
2025-11-06T12:52:32.595964,33.64,rain
2025-11-06T12:52:44.801797,33.64,rain
2025-11-06T12:52:57.012658,33.69,rain
2025-11-06T12:53:09.293512,33.71,rain
2025-11-06T12:53:21.581407,33.75,rain
2025-11-06T12:53:34.096678,33.75,rain
2025-11-06T12:53:46.254292,33.81,rain
2025-11-06T12:53:58.742872,33.81,rain
2025-11-06T12:54:11.217349,33.81,rain
2025-11-06T12:54:23.636599,33.81,rain
2025-11-06T12:54:36.087152,33.81,rain
2025-11-06T12:54:48.438459,33.81,rain
2025-11-06T12:55:00.856601,33.81,rain
2025-11-06T12:55:13.165209,33.81,rain
2025-11-06T12:55:25.426366,33.81,rain
2025-11-06T12:55:37.954189,33.81,rain
2025-11-06T12:55:50.245003,33.81,rain
2025-11-06T12:56:03.028085,33.81,rain
2025-11-06T12:56:15.631846,33.81,rain
2025-11-06T12:56:28.327092,33.81,rain
2025-11-06T12:56:40.968062,33.81,rain
2025-11-06T12:56:53.538997,33.81,rain
2025-11-06T12:57:06.206149,33.84,rain
2025-11-06T12:57:18.518236,33.84,rain
2025-11-06T12:57:30.925022,33.84,rain
2025-11-06T12:57:43.306101,33.84,rain
2025-11-06T12:57:55.664107,33.84,rain
2025-11-06T12:58:08.080874,33.84,rain
2025-11-06T12:58:20.562023,33.84,rain
2025-11-06T12:58:33.090704,33.84,rain
2025-11-06T12:58:45.700959,33.84,rain
2025-11-06T12:58:58.217494,33.84,rain
2025-11-06T12:59:10.924278,33.84,rain
2025-11-06T12:59:23.587949,33.84,rain
2025-11-06T12:59:36.414836,33.84,rain
2025-11-06T12:59:49.375677,33.84,rain
2025-11-06T13:00:02.056051,33.84,rain
2025-11-06T13:00:14.975821,33.84,rain
2025-11-06T13:00:27.667163,33.84,rain
2025-11-06T13:00:40.653865,33.84,rain
2025-11-06T13:00:53.429144,33.85,rain
2025-11-06T13:01:06.011985,33.85,rain
2025-11-06T13:01:18.705668,33.85,rain
2025-11-06T13:01:31.351210,33.85,rain
2025-11-06T13:01:44.196376,33.85,rain
2025-11-06T13:01:57.205843,33.85,rain
2025-11-06T13:02:09.982421,33.85,rain
2025-11-06T13:02:22.683165,33.85,rain
2025-11-06T13:02:35.256152,33.98,rain
2025-11-06T13:02:48.113654,33.98,rain
2025-11-06T13:03:01.075050,33.98,rain
2025-11-06T13:03:13.947976,33.99,rain
2025-11-06T13:03:26.768671,34.02,rain
2025-11-06T13:03:39.625058,34.05,rain
2025-11-06T13:03:52.336251,34.05,rain
2025-11-06T13:04:05.131915,34.05,rain
2025-11-06T13:04:17.872791,34.05,rain
2025-11-06T13:04:30.550856,34.05,rain
2025-11-06T13:04:43.251626,34.05,rain
2025-11-06T13:04:56.011127,34.05,rain
2025-11-06T13:05:08.669218,34.05,rain
2025-11-06T13:05:21.526786,34.05,rain
2025-11-06T13:05:34.291209,34.05,rain
2025-11-06T13:05:47.006976,34.05,rain
2025-11-06T13:06:00.006017,34.05,rain
2025-11-06T13:06:13.117939,34.05,rain
2025-11-06T13:06:26.363998,34.05,rain
2025-11-06T13:06:39.423813,34.05,rain
2025-11-06T13:06:52.544292,34.05,rain
2025-11-06T13:07:05.770357,34.05,rain
2025-11-06T13:07:18.877247,34.05,rain
2025-11-06T13:07:32.262381,34.05,rain
2025-11-06T13:07:45.517551,34.05,rain
2025-11-06T13:07:58.900697,34.05,rain
2025-11-06T13:08:12.151935,34.05,rain
2025-11-06T13:08:25.523936,34.05,rain
2025-11-06T13:08:38.558304,34.05,rain
2025-11-06T13:08:51.631329,34.05,rain
2025-11-06T13:09:04.587811,34.08,rain
2025-11-06T13:09:17.631191,34.08,rain
2025-11-06T13:09:30.665881,34.08,rain
2025-11-06T13:09:43.841606,34.08,rain
2025-11-06T13:09:56.893552,34.08,rain
2025-11-06T13:10:09.979405,34.08,rain
2025-11-06T13:10:23.255240,34.08,rain
2025-11-06T13:10:36.570410,34.08,rain
2025-11-06T13:10:49.941385,34.08,rain
2025-11-06T13:11:03.243835,34.08,rain
2025-11-06T13:11:16.517458,34.08,rain
2025-11-06T13:11:30.074928,34.08,rain
2025-11-06T13:11:43.516550,34.08,rain
2025-11-06T13:11:56.944877,34.08,rain
2025-11-06T13:12:10.395861,34.08,rain
2025-11-06T13:12:23.864034,34.08,rain
2025-11-06T13:12:37.362322,34.08,rain
2025-11-06T13:12:50.807177,34.08,rain
2025-11-06T13:13:04.262213,34.08,rain
2025-11-06T13:13:17.769642,34.08,rain
2025-11-06T13:13:31.132665,34.08,rain
2025-11-06T13:13:44.601554,34.08,rain
2025-11-06T13:13:58.099622,34.08,rain
2025-11-06T13:14:11.716774,34.08,rain
2025-11-06T13:14:25.196032,34.11,rain
2025-11-06T13:14:38.671756,34.15,rain
2025-11-06T13:14:52.235303,34.15,rain
2025-11-06T13:15:05.578616,34.15,rain
2025-11-06T13:15:19.055377,34.15,rain
2025-11-06T13:15:32.600700,34.15,rain
2025-11-06T13:15:46.173366,34.15,rain
2025-11-06T13:15:59.611122,34.16,rain
2025-11-06T13:16:13.032064,34.16,rain
2025-11-06T13:16:26.614785,34.16,rain
2025-11-06T13:16:40.174115,34.16,rain
2025-11-06T13:16:53.782909,34.3,rain
2025-11-06T13:17:07.476872,34.3,rain
2025-11-06T13:17:20.916515,34.3,rain
2025-11-06T13:17:34.437635,34.3,rain
2025-11-06T13:17:47.957469,34.3,rain
2025-11-06T13:18:01.677865,34.3,rain
2025-11-06T13:18:15.447362,34.3,rain
2025-11-06T13:18:29.152784,34.3,rain
2025-11-06T13:18:42.574003,34.3,rain
2025-11-06T13:18:56.038411,34.3,rain
2025-11-06T13:19:09.674482,34.3,rain
2025-11-06T13:19:23.262924,34.3,rain
2025-11-06T13:19:36.856242,34.3,rain
2025-11-06T13:19:50.424296,34.3,rain
2025-11-06T13:20:03.978995,34.3,rain
2025-11-06T13:20:17.586651,34.3,rain
2025-11-06T13:20:31.145179,34.3,rain
2025-11-06T13:20:44.794360,34.3,rain
2025-11-06T13:20:58.404485,34.3,rain
2025-11-06T13:21:12.113331,34.3,rain
2025-11-06T13:21:25.818755,34.3,rain
2025-11-06T13:21:39.546783,34.3,rain
2025-11-06T13:21:53.227028,34.3,rain
2025-11-06T13:22:07.021848,34.3,rain
2025-11-06T13:22:20.570210,34.3,rain
2025-11-06T13:22:34.190738,34.3,rain
2025-11-06T13:22:47.762391,34.3,rain
2025-11-06T13:23:01.442123,34.3,rain
2025-11-06T13:23:15.071878,34.3,rain
2025-11-06T13:23:28.826796,34.3,rain
2025-11-06T13:23:42.497131,34.3,rain
2025-11-06T13:23:56.241023,34.3,rain
2025-11-06T13:24:09.932356,34.3,rain
2025-11-06T13:24:23.728620,34.3,rain
2025-11-06T13:24:37.465345,34.3,rain
2025-11-06T13:24:51.150520,34.3,rain
2025-11-06T13:25:04.826491,34.3,rain
2025-11-06T13:25:18.563279,34.3,rain
2025-11-06T13:25:32.346689,34.3,rain
2025-11-06T13:25:46.225013,34.3,rain
2025-11-06T13:26:00.015857,34.3,rain
2025-11-06T13:26:13.705037,34.3,rain
2025-11-06T13:26:27.598031,34.3,rain
2025-11-06T13:26:41.287678,34.3,rain
2025-11-06T13:26:55.037005,34.3,rain
2025-11-06T13:27:09.071510,34.44,rain
2025-11-06T13:27:23.409269,34.74,rain
2025-11-06T13:27:37.415719,34.75,rain
2025-11-06T13:27:51.299352,34.75,rain
2025-11-06T13:28:05.119713,34.75,rain
2025-11-06T13:28:18.973008,34.75,rain
2025-11-06T13:28:32.931884,34.77,rain
2025-11-06T13:28:46.787022,34.77,rain
2025-11-06T13:29:00.588223,34.77,rain
2025-11-06T13:29:14.514130,34.77,rain
2025-11-06T13:29:28.484237,34.77,rain
2025-11-06T13:29:42.359794,34.77,rain
2025-11-06T13:29:56.221659,34.77,rain
2025-11-06T13:30:10.245887,34.77,rain
2025-11-06T13:30:24.213682,34.77,rain
2025-11-06T13:30:38.147119,34.77,rain
2025-11-06T13:30:52.166706,34.77,rain
2025-11-06T13:31:06.219463,34.77,rain
2025-11-06T13:31:20.315802,34.77,rain
2025-11-06T13:31:34.382855,34.77,rain
2025-11-06T13:31:48.466975,34.77,rain
2025-11-06T13:32:02.533743,34.77,rain
2025-11-06T13:32:16.589543,34.77,rain
2025-11-06T13:32:30.638750,34.77,rain
2025-11-06T13:32:44.584355,34.77,rain
2025-11-06T13:32:58.704702,34.77,rain
2025-11-06T13:33:12.705798,34.77,rain
2025-11-06T13:33:26.646078,34.77,rain
2025-11-06T13:33:40.532122,34.77,rain
2025-11-06T13:33:54.640818,34.77,rain
2025-11-06T13:34:08.767762,34.77,rain
2025-11-06T13:34:22.871032,34.77,rain
2025-11-06T13:34:37.224585,34.77,rain
2025-11-06T13:34:51.410694,34.77,rain
2025-11-06T13:35:05.523731,34.77,rain
2025-11-06T13:35:19.784360,34.95,rain
2025-11-06T13:35:33.954464,35.19,rain
2025-11-06T13:35:48.241305,35.27,rain
2025-11-06T13:36:02.476474,35.27,rain
2025-11-06T13:36:16.621633,35.27,rain
2025-11-06T13:36:30.779167,35.27,rain
2025-11-06T13:36:45.051319,35.27,rain
2025-11-06T13:36:59.060537,35.27,rain
2025-11-06T13:37:13.182543,35.27,rain
2025-11-06T13:37:27.273144,35.27,rain
2025-11-06T13:37:41.367045,35.27,rain
2025-11-06T13:37:55.556900,35.27,rain
2025-11-06T13:38:09.821643,35.27,rain
2025-11-06T13:38:23.917179,35.27,rain
2025-11-06T13:38:38.124951,35.27,rain
2025-11-06T13:38:52.174009,35.27,rain
2025-11-06T13:39:06.193371,35.31,rain
2025-11-06T13:39:20.489703,35.31,rain
2025-11-06T13:39:34.924278,35.31,rain
2025-11-06T13:39:49.381623,35.31,rain
2025-11-06T13:40:03.469001,35.31,rain
2025-11-06T13:40:17.806080,35.34,rain
2025-11-06T13:40:32.043251,35.38,rain
2025-11-06T13:40:46.237402,35.38,rain
2025-11-06T13:41:00.557907,35.41,rain
2025-11-06T13:41:14.712888,35.44,rain
2025-11-06T13:41:28.903932,35.44,rain
2025-11-06T13:41:43.184726,35.45,rain
2025-11-06T13:41:57.444692,35.45,rain
2025-11-06T13:42:11.633865,35.45,rain
2025-11-06T13:42:25.997002,35.45,rain
2025-11-06T13:42:40.547435,35.45,rain
2025-11-06T13:42:54.780941,35.46,rain
2025-11-06T13:43:09.109937,35.46,rain
2025-11-06T13:43:23.710761,35.46,rain
2025-11-06T13:43:38.367825,35.46,rain
2025-11-06T13:43:52.961573,35.46,rain
2025-11-06T13:44:07.412071,35.46,rain
2025-11-06T13:44:21.925775,35.46,rain
2025-11-06T13:44:36.528447,35.46,rain
2025-11-06T13:44:51.252374,35.46,rain
2025-11-06T13:45:05.765907,35.46,rain
2025-11-06T13:45:20.442144,35.46,rain
2025-11-06T13:45:35.202781,35.46,rain
2025-11-06T13:45:49.931736,35.46,rain
2025-11-06T13:46:04.833848,35.46,rain
2025-11-06T13:46:19.528433,35.46,rain
2025-11-06T13:46:34.249752,35.46,rain
2025-11-06T13:46:49.030591,35.46,rain
2025-11-06T13:47:03.890654,35.46,rain
2025-11-06T13:47:18.810586,35.46,rain
2025-11-06T13:47:33.607062,35.46,rain
2025-11-06T13:47:48.579337,35.46,rain
2025-11-06T13:48:03.274904,35.48,rain
2025-11-06T13:48:17.729887,35.52,rain
2025-11-06T13:48:32.423344,35.52,rain
2025-11-06T13:48:47.384233,35.52,rain
2025-11-06T13:49:02.152794,35.52,rain
2025-11-06T13:49:16.897213,35.54,rain
2025-11-06T13:49:31.481918,35.54,rain
2025-11-06T13:49:46.156758,35.54,rain
2025-11-06T13:50:00.904634,35.54,rain
2025-11-06T13:50:15.655259,35.54,rain
2025-11-06T13:50:30.443239,35.54,rain
2025-11-06T13:50:45.361330,35.54,rain
2025-11-06T13:51:00.216765,35.54,rain
2025-11-06T13:51:15.272817,35.54,rain
2025-11-06T13:51:30.234563,35.54,rain
2025-11-06T13:51:44.984303,35.54,rain
2025-11-06T13:51:59.869518,35.54,rain
2025-11-06T13:52:14.691379,35.6,rain
2025-11-06T13:52:29.560980,35.6,rain
2025-11-06T13:52:44.423381,35.6,rain
2025-11-06T13:52:59.220693,35.6,rain
2025-11-06T13:53:13.945632,35.6,rain
2025-11-06T13:53:28.415612,35.6,rain
2025-11-06T13:53:42.940858,35.6,rain
2025-11-06T13:53:57.597368,35.6,rain
2025-11-06T13:54:12.326473,35.6,rain
2025-11-06T13:54:26.861524,35.61,rain
2025-11-06T13:54:41.653018,35.61,rain
2025-11-06T13:54:56.543914,35.61,rain
2025-11-06T13:55:11.347016,35.61,rain
2025-11-06T13:55:26.058324,35.61,rain
2025-11-06T13:55:40.490381,35.64,rain
2025-11-06T13:55:55.164908,35.64,rain
2025-11-06T13:56:09.877331,35.64,rain
2025-11-06T13:56:24.293232,35.64,rain
2025-11-06T13:56:38.833754,35.64,rain
2025-11-06T13:56:53.335004,35.64,rain
2025-11-06T13:57:07.871933,35.66,rain
2025-11-06T13:57:22.463040,35.66,rain
2025-11-06T13:57:37.099841,35.66,rain
2025-11-06T13:57:51.473394,35.66,rain
2025-11-06T13:58:05.661629,35.7,rain
2025-11-06T13:58:19.943344,35.7,rain
2025-11-06T13:58:34.551493,35.71,rain
2025-11-06T13:58:49.052968,35.71,rain
2025-11-06T13:59:03.510585,35.74,rain
2025-11-06T13:59:17.935353,35.74,rain
2025-11-06T13:59:32.520194,35.74,rain
2025-11-06T13:59:46.843335,35.75,rain
2025-11-06T14:00:01.200792,35.75,rain
2025-11-06T14:00:15.972492,35.75,rain
2025-11-06T14:00:31.094093,35.76,rain
2025-11-06T14:00:45.944193,35.76,rain
2025-11-06T14:01:00.768259,35.76,rain
2025-11-06T14:01:15.460213,35.76,rain
2025-11-06T14:01:30.244203,35.77,rain
2025-11-06T14:01:45.324430,35.77,rain
2025-11-06T14:02:00.273640,35.77,rain
2025-11-06T14:02:14.962660,35.77,rain
2025-11-06T14:02:29.756015,35.77,rain
2025-11-06T14:02:44.697526,35.77,rain
2025-11-06T14:02:59.655233,35.77,rain
2025-11-06T14:03:14.633206,35.79,rain
2025-11-06T14:03:29.394671,35.79,rain
2025-11-06T14:03:44.140844,35.79,rain
2025-11-06T14:03:59.212666,35.79,rain
2025-11-06T14:04:14.143795,35.79,rain
2025-11-06T14:04:29.278715,35.79,rain
2025-11-06T14:04:44.123254,35.79,rain
2025-11-06T14:04:58.871986,35.79,rain
2025-11-06T14:05:13.736119,35.79,rain
2025-11-06T14:05:28.466223,35.81,rain
2025-11-06T14:05:43.388722,36.06,rain
2025-11-06T14:05:58.301520,36.06,rain
2025-11-06T14:06:13.050348,36.1,rain
2025-11-06T14:06:27.673149,36.1,rain
2025-11-06T14:06:42.246498,36.1,rain
2025-11-06T14:06:56.897337,36.1,rain
2025-11-06T14:07:11.575310,36.1,rain
2025-11-06T14:07:26.458909,36.1,rain
2025-11-06T14:07:41.367747,36.1,rain
2025-11-06T14:07:56.256349,36.1,rain
2025-11-06T14:08:11.299870,36.1,rain
2025-11-06T14:08:26.486149,36.1,rain
2025-11-06T14:08:41.665276,36.1,rain
2025-11-06T14:08:56.625829,36.1,rain
2025-11-06T14:09:11.593473,36.1,rain
2025-11-06T14:09:26.619666,36.11,rain
2025-11-06T14:09:41.417834,36.11,rain
2025-11-06T14:09:56.338272,36.11,rain
2025-11-06T14:10:11.165723,36.11,rain
2025-11-06T14:10:26.187852,36.11,rain
2025-11-06T14:10:41.489184,36.12,rain
2025-11-06T14:10:56.760985,36.12,rain
2025-11-06T14:11:11.917791,36.12,rain
2025-11-06T14:11:26.967422,36.16,rain
2025-11-06T14:11:41.904813,36.16,rain
2025-11-06T14:11:56.985955,36.21,rain
2025-11-06T14:12:12.164996,36.21,rain
2025-11-06T14:12:27.123368,36.21,rain
2025-11-06T14:12:41.991669,36.21,rain
2025-11-06T14:12:57.224218,36.23,rain
2025-11-06T14:13:12.348685,36.24,rain
2025-11-06T14:13:27.707481,36.24,rain
2025-11-06T14:13:43.026707,36.24,rain
2025-11-06T14:13:58.301039,36.25,rain
2025-11-06T14:14:13.573934,36.25,rain
2025-11-06T14:14:28.883874,36.25,rain
2025-11-06T14:14:44.361298,36.25,rain
2025-11-06T14:14:59.763397,36.25,rain
2025-11-06T14:15:15.154243,36.25,rain
2025-11-06T14:15:30.439350,36.25,rain
2025-11-06T14:15:45.787237,36.25,rain
2025-11-06T14:16:01.256514,36.25,rain
2025-11-06T14:16:16.766919,36.3,rain
2025-11-06T14:16:32.801934,36.69,rain
2025-11-06T14:16:48.523795,36.84,rain
2025-11-06T14:17:03.798027,36.84,rain
2025-11-06T14:17:19.149915,36.84,rain
2025-11-06T14:17:34.475026,36.85,rain
2025-11-06T14:17:49.894545,36.85,rain
2025-11-06T14:18:05.439935,36.86,rain
2025-11-06T14:18:20.750403,36.86,rain
2025-11-06T14:18:36.172706,36.88,rain
2025-11-06T14:18:51.701398,36.88,rain
2025-11-06T14:19:07.243871,36.88,rain
2025-11-06T14:19:22.835063,36.88,rain
2025-11-06T14:19:38.430242,36.88,rain
2025-11-06T14:19:54.003141,36.88,rain
2025-11-06T14:20:09.437150,36.88,rain
2025-11-06T14:20:24.827482,36.88,rain
2025-11-06T14:20:40.418309,36.89,rain
2025-11-06T14:20:55.939917,36.89,rain
2025-11-06T14:21:11.384606,36.9,rain
2025-11-06T14:21:26.675601,36.91,rain
2025-11-06T14:21:42.179078,36.91,rain
2025-11-06T14:21:57.477403,36.91,rain
2025-11-06T14:22:12.826811,36.91,rain
2025-11-06T14:22:28.246751,36.91,rain
2025-11-06T14:22:43.725363,36.91,rain
2025-11-06T14:22:59.130392,36.92,rain
2025-11-06T14:23:14.443394,36.92,rain
2025-11-06T14:23:29.667821,36.92,rain
2025-11-06T14:23:44.876785,36.94,rain
2025-11-06T14:24:00.202767,36.98,rain
2025-11-06T14:24:15.663041,37.02,rain
2025-11-06T14:24:31.301214,37.04,rain
2025-11-06T14:24:47.085874,37.04,rain
2025-11-06T14:25:02.548866,37.27,rain
2025-11-06T14:25:18.209262,37.36,rain
2025-11-06T14:25:33.689287,37.36,rain
2025-11-06T14:25:49.068831,37.36,rain
2025-11-06T14:26:04.495596,37.46,rain
2025-11-06T14:26:20.234222,37.46,rain
2025-11-06T14:26:36.025744,37.46,rain
2025-11-06T14:26:51.777351,37.46,rain
2025-11-06T14:27:07.454999,37.46,rain
2025-11-06T14:27:23.126791,37.46,rain
2025-11-06T14:27:38.823339,37.48,rain
2025-11-06T14:27:54.394046,37.48,rain
2025-11-06T14:28:09.877905,37.5,rain
2025-11-06T14:28:25.594536,37.52,rain
2025-11-06T14:28:41.279511,37.52,rain
2025-11-06T14:28:57.075020,37.52,rain
2025-11-06T14:29:13.005703,38.16,rain
2025-11-06T14:29:28.894072,38.4,rain
2025-11-06T14:29:44.700679,38.4,rain
2025-11-06T14:30:00.198022,38.4,rain
2025-11-06T14:30:15.729866,38.4,rain
2025-11-06T14:30:31.392823,38.44,rain
2025-11-06T14:30:47.124984,38.45,rain
2025-11-06T14:31:02.665071,38.45,rain
2025-11-06T14:31:18.253923,38.45,rain
2025-11-06T14:31:33.979470,38.45,rain
2025-11-06T14:31:49.751008,38.45,rain
2025-11-06T14:32:05.319044,38.45,rain
2025-11-06T14:32:20.898588,38.45,rain
2025-11-06T14:32:36.456001,38.45,rain
2025-11-06T14:32:52.104045,38.45,rain
2025-11-06T14:33:07.739502,38.45,rain
2025-11-06T14:33:23.372293,38.45,rain
2025-11-06T14:33:39.053295,38.45,rain
2025-11-06T14:33:54.597950,38.45,rain
2025-11-06T14:34:10.106494,38.45,rain
2025-11-06T14:34:25.555299,38.45,rain
2025-11-06T14:34:41.093416,38.45,rain
2025-11-06T14:34:56.534897,38.45,rain
2025-11-06T14:35:12.032942,38.45,rain
2025-11-06T14:35:27.617741,38.45,rain
2025-11-06T14:35:43.338478,38.45,rain
2025-11-06T14:35:58.934994,38.45,rain
2025-11-06T14:36:14.443282,38.45,rain
2025-11-06T14:36:29.875230,38.45,rain
2025-11-06T14:36:45.164584,38.46,rain
2025-11-06T14:37:00.595970,38.46,rain
2025-11-06T14:37:16.027695,38.46,rain
2025-11-06T14:37:31.471182,38.46,rain
2025-11-06T14:37:46.690390,38.46,rain
2025-11-06T14:38:02.048492,38.46,rain
2025-11-06T14:38:17.332666,38.46,rain
2025-11-06T14:38:32.625173,38.46,rain
2025-11-06T14:38:47.973904,38.46,rain
2025-11-06T14:39:03.310010,38.46,rain
2025-11-06T14:39:18.837989,38.48,rain
2025-11-06T14:39:34.117557,38.51,rain
2025-11-06T14:39:49.348588,38.51,rain
2025-11-06T14:40:04.869409,38.51,rain
2025-11-06T14:40:20.253676,38.52,rain
2025-11-06T14:40:35.394623,38.52,rain
2025-11-06T14:40:50.532610,38.55,rain
2025-11-06T14:41:05.633791,38.55,rain
2025-11-06T14:41:21.073486,38.59,rain
2025-11-06T14:41:36.375764,38.59,rain
2025-11-06T14:41:51.494730,38.59,rain
2025-11-06T14:42:06.800434,38.59,rain
2025-11-06T14:42:22.150275,38.6,rain
2025-11-06T14:42:37.401132,38.6,rain
2025-11-06T14:42:52.864199,38.61,rain
2025-11-06T14:43:08.074768,38.61,rain
2025-11-06T14:43:23.489594,38.61,rain
2025-11-06T14:43:38.992440,38.62,rain
2025-11-06T14:43:54.610408,38.62,rain
2025-11-06T14:44:10.055893,38.66,rain
2025-11-06T14:44:25.360834,38.66,rain
2025-11-06T14:44:40.792875,38.67,rain
2025-11-06T14:44:56.252346,38.67,rain
2025-11-06T14:45:11.738332,38.67,rain
2025-11-06T14:45:27.123552,38.67,rain
2025-11-06T14:45:42.465306,38.67,rain
2025-11-06T14:45:57.919672,38.67,rain
2025-11-06T14:46:13.437058,38.67,rain
2025-11-06T14:46:29.025277,38.67,rain
2025-11-06T14:46:44.528107,38.67,rain
2025-11-06T14:46:59.980882,38.67,rain
2025-11-06T14:47:15.431536,38.67,rain
2025-11-06T14:47:30.824435,38.71,rain
2025-11-06T14:47:46.154623,38.71,rain
2025-11-06T14:48:01.442556,38.71,rain
2025-11-06T14:48:16.795329,38.71,rain
2025-11-06T14:48:32.224323,38.74,rain
2025-11-06T14:48:47.542537,38.74,rain
2025-11-06T14:49:02.773827,38.74,rain
2025-11-06T14:49:18.101617,38.74,rain
2025-11-06T14:49:33.473334,38.74,rain
2025-11-06T14:49:48.862566,38.74,rain
2025-11-06T14:50:04.200583,38.74,rain
2025-11-06T14:50:19.463101,38.74,rain
2025-11-06T14:50:34.746581,38.75,rain
2025-11-06T14:50:50.160770,38.75,rain
2025-11-06T14:51:05.613940,38.75,rain
2025-11-06T14:51:20.853734,38.75,rain
2025-11-06T14:51:35.978545,38.75,rain
2025-11-06T14:51:51.103963,38.75,rain
2025-11-06T14:52:06.493880,38.75,rain
2025-11-06T14:52:21.943151,38.75,rain
2025-11-06T14:52:37.436337,38.75,rain
2025-11-06T14:52:53.015575,38.75,rain
2025-11-06T14:53:08.662512,38.75,rain
2025-11-06T14:53:24.199016,38.77,rain
2025-11-06T14:53:39.823917,38.77,rain
2025-11-06T14:53:55.454602,38.77,rain
2025-11-06T14:54:11.036623,38.77,rain
2025-11-06T14:54:26.898198,38.77,rain
2025-11-06T14:54:42.346061,38.83,rain
2025-11-06T14:54:58.088360,38.89,rain
2025-11-06T14:55:13.751569,38.89,rain
2025-11-06T14:55:29.620860,38.89,rain
2025-11-06T14:55:45.477936,38.89,rain
2025-11-06T14:56:01.363329,38.89,rain
2025-11-06T14:56:17.388660,38.89,rain
2025-11-06T14:56:33.122918,38.89,rain
2025-11-06T14:56:48.900556,38.89,rain
2025-11-06T14:57:04.926595,38.89,rain
2025-11-06T14:57:20.737756,38.89,rain
2025-11-06T14:57:36.356336,38.89,rain
2025-11-06T14:57:51.950777,38.89,rain
2025-11-06T14:58:07.480957,38.91,rain
2025-11-06T14:58:22.888082,38.92,rain
2025-11-06T14:58:38.310030,38.96,rain
2025-11-06T14:58:53.970324,38.96,rain
2025-11-06T14:59:09.813215,38.96,rain
2025-11-06T14:59:25.332688,38.98,rain
2025-11-06T14:59:40.611462,38.98,rain
2025-11-06T14:59:56.034620,38.98,rain
2025-11-06T15:00:13.698880,38.98,rain
2025-11-06T15:00:29.213008,38.98,rain
2025-11-06T15:00:44.613911,38.98,rain
2025-11-06T15:01:00.133419,38.98,rain
2025-11-06T15:01:15.566362,38.98,rain
2025-11-06T15:01:30.923692,38.98,rain
2025-11-06T15:01:46.268806,38.98,rain
2025-11-06T15:02:01.679909,38.98,rain
2025-11-06T15:02:17.157910,38.98,rain
2025-11-06T15:02:32.776011,38.98,rain
2025-11-06T15:02:48.324169,38.98,rain
2025-11-06T15:03:03.948387,38.98,rain
2025-11-06T15:03:19.409494,38.98,rain
2025-11-06T15:03:34.772876,38.98,rain
2025-11-06T15:03:50.198868,38.98,rain
2025-11-06T15:04:05.850267,38.98,rain
2025-11-06T15:04:21.505808,38.98,rain
2025-11-06T15:04:37.163991,38.98,rain
2025-11-06T15:04:52.900740,38.98,rain
2025-11-06T15:05:08.732260,38.98,rain
2025-11-06T15:05:24.746599,38.98,rain
2025-11-06T15:05:40.672988,38.98,rain
2025-11-06T15:05:56.481453,38.98,rain
2025-11-06T15:06:12.216036,38.98,rain
2025-11-06T15:06:28.027765,39.01,rain
2025-11-06T15:06:43.941993,39.01,rain
2025-11-06T15:06:59.942733,39.04,rain
2025-11-06T15:07:16.216046,39.08,rain
2025-11-06T15:07:32.501373,39.1,rain
2025-11-06T15:07:48.811818,39.1,rain
2025-11-06T15:08:05.045848,39.1,rain
2025-11-06T15:08:21.293859,39.1,rain
2025-11-06T15:08:37.675628,39.1,rain
2025-11-06T15:08:54.039349,39.1,rain
2025-11-06T15:09:10.462899,39.1,rain
2025-11-06T15:09:26.819366,39.1,rain
2025-11-06T15:09:43.099285,39.1,rain
2025-11-06T15:09:59.441147,39.1,rain
2025-11-06T15:10:15.835747,39.14,rain
2025-11-06T15:10:32.303380,39.14,rain
2025-11-06T15:10:48.766533,39.14,rain
2025-11-06T15:11:05.106188,39.14,rain
2025-11-06T15:11:21.526692,39.19,rain
2025-11-06T15:11:37.608465,39.19,rain
2025-11-06T15:11:53.848204,39.19,rain
2025-11-06T15:12:10.174605,39.21,rain
2025-11-06T15:12:26.506968,39.21,rain
2025-11-06T15:12:42.842137,39.21,rain
2025-11-06T15:12:59.254016,39.21,rain
2025-11-06T15:13:15.630747,39.21,rain
2025-11-06T15:13:31.944283,39.21,rain
2025-11-06T15:13:48.204996,39.21,rain
2025-11-06T15:14:04.512168,39.21,rain
2025-11-06T15:14:20.918294,39.21,rain
2025-11-06T15:14:37.299495,39.21,rain
2025-11-06T15:14:53.569875,39.23,rain
2025-11-06T15:15:09.775720,39.23,rain
2025-11-06T15:15:25.808827,39.23,rain
2025-11-06T15:15:42.080809,39.23,rain
2025-11-06T15:15:58.229043,39.23,rain
2025-11-06T15:16:14.726357,39.25,rain
2025-11-06T15:16:31.320872,39.25,rain
2025-11-06T15:16:47.890881,39.26,rain
2025-11-06T15:17:04.421374,39.26,rain
2025-11-06T15:17:21.024320,39.26,rain
2025-11-06T15:17:37.560743,39.29,rain
2025-11-06T15:17:54.334730,39.29,rain
2025-11-06T15:18:10.587550,39.29,rain
2025-11-06T15:18:26.792263,39.4,rain
2025-11-06T15:18:43.225776,39.49,rain
2025-11-06T15:18:59.506880,39.5,rain
2025-11-06T15:19:16.121857,39.54,rain
2025-11-06T15:19:32.780658,39.56,rain
2025-11-06T15:19:48.963606,39.56,rain
2025-11-06T15:20:05.477977,39.59,rain
2025-11-06T15:20:22.032333,39.59,rain
2025-11-06T15:20:38.891769,39.59,rain
2025-11-06T15:20:55.525314,39.59,rain
2025-11-06T15:21:11.221313,39.59,rain
2025-11-06T15:21:27.533475,39.59,rain
2025-11-06T15:21:43.910347,39.59,rain
2025-11-06T15:22:00.894388,39.59,rain
2025-11-06T15:22:17.237171,39.59,rain
2025-11-06T15:22:34.109802,39.59,rain
2025-11-06T15:22:51.287219,39.59,rain
2025-11-06T15:23:08.476627,39.59,rain
2025-11-06T15:23:25.452306,39.6,rain
2025-11-06T15:23:40.893282,39.62,rain
2025-11-06T15:23:56.710139,39.71,rain
2025-11-06T15:24:12.580770,39.71,rain
2025-11-06T15:24:28.303005,39.71,rain
2025-11-06T15:24:44.012131,39.71,rain
2025-11-06T15:24:59.650173,39.71,rain
2025-11-06T15:25:15.161490,39.71,rain
2025-11-06T15:25:30.241652,39.71,rain
2025-11-06T15:25:45.102759,39.71,rain
2025-11-06T15:25:59.806209,39.71,rain
2025-11-06T15:26:14.475164,39.74,rain
2025-11-06T15:26:29.242304,39.74,rain
2025-11-06T15:26:44.119053,40.09,rain
2025-11-06T15:26:58.631770,40.19,rain
2025-11-06T15:27:14.044811,40.23,rain
2025-11-06T15:27:29.278055,40.27,rain
2025-11-06T15:27:44.629216,40.27,rain
2025-11-06T15:27:59.939436,40.27,rain
2025-11-06T15:28:14.524356,40.27,rain
2025-11-06T15:28:28.972690,40.29,rain
2025-11-06T15:28:43.547642,40.29,rain
2025-11-06T15:28:57.823699,40.29,rain
2025-11-06T15:29:12.006964,40.29,rain
2025-11-06T15:29:26.216647,40.29,rain
2025-11-06T15:29:40.283019,40.29,rain
2025-11-06T15:29:54.344732,40.29,rain
2025-11-06T15:30:08.219614,40.29,rain
2025-11-06T15:30:21.997845,40.29,rain
2025-11-06T15:30:35.747555,40.29,rain
2025-11-06T15:30:49.568468,40.29,rain
2025-11-06T15:31:03.352906,40.29,rain
2025-11-06T15:31:17.061359,40.29,rain
2025-11-06T15:31:30.725297,40.29,rain
2025-11-06T15:31:44.361063,40.29,rain
2025-11-06T15:31:57.963815,40.29,rain
2025-11-06T15:32:11.478227,40.29,rain
2025-11-06T15:32:25.070886,40.29,rain
2025-11-06T15:32:38.645938,40.29,rain
2025-11-06T15:32:52.186723,40.29,rain
2025-11-06T15:33:05.824323,40.29,rain
2025-11-06T15:33:19.485374,40.29,rain
2025-11-06T15:33:32.957560,40.29,rain
2025-11-06T15:33:46.455940,40.29,rain
2025-11-06T15:33:59.877617,40.29,rain
2025-11-06T15:34:13.355635,40.29,rain
2025-11-06T15:34:26.732066,40.29,rain
2025-11-06T15:34:40.093659,40.29,rain
2025-11-06T15:34:53.457198,40.29,rain
2025-11-06T15:35:06.971523,40.29,rain
2025-11-06T15:35:20.327726,40.29,rain
2025-11-06T15:35:33.751557,40.29,rain
2025-11-06T15:35:47.368657,40.29,rain
2025-11-06T15:36:01.220138,40.35,rain
2025-11-06T15:36:15.069346,40.35,rain
2025-11-06T15:36:28.694967,40.35,rain
2025-11-06T15:36:42.235500,40.35,rain
2025-11-06T15:36:55.780725,40.35,rain
2025-11-06T15:37:09.472274,40.35,rain
2025-11-06T15:37:23.225026,40.35,rain
2025-11-06T15:37:37.108546,40.35,rain
2025-11-06T15:37:50.950975,40.35,rain
2025-11-06T15:38:04.491338,40.35,rain
2025-11-06T15:38:17.971115,40.35,rain
2025-11-06T15:38:31.273725,40.35,rain
2025-11-06T15:38:44.614560,40.35,rain
2025-11-06T15:38:57.993770,40.35,rain
2025-11-06T15:39:11.603700,40.35,rain
2025-11-06T15:39:25.392942,40.35,rain
2025-11-06T15:39:38.948752,40.35,rain
2025-11-06T15:39:52.472107,40.35,rain
2025-11-06T15:40:06.124341,40.35,rain
2025-11-06T15:40:19.946908,40.35,rain
2025-11-06T15:40:34.332068,40.35,rain
2025-11-06T15:40:48.722996,40.36,rain
2025-11-06T15:41:02.840240,40.36,rain
2025-11-06T15:41:17.472127,40.36,rain
2025-11-06T15:41:31.710549,40.36,rain
2025-11-06T15:41:45.758506,40.36,rain
2025-11-06T15:41:59.858409,40.36,rain
2025-11-06T15:42:13.486196,40.36,rain
2025-11-06T15:42:27.016821,40.36,rain
2025-11-06T15:42:40.582158,40.36,rain
2025-11-06T15:42:54.067386,40.36,rain
2025-11-06T15:43:07.594537,40.36,rain
2025-11-06T15:43:21.003354,40.36,rain
2025-11-06T15:43:34.445614,40.36,rain
2025-11-06T15:43:47.830034,40.36,rain
2025-11-06T15:44:01.419918,40.36,rain
2025-11-06T15:44:14.771631,40.36,rain
2025-11-06T15:44:28.091179,40.36,rain
2025-11-06T15:44:41.403230,40.36,rain
2025-11-06T15:44:54.874604,40.36,rain
2025-11-06T15:45:08.324447,40.36,rain
2025-11-06T15:45:21.720413,40.36,rain
2025-11-06T15:45:35.295293,40.36,rain
2025-11-06T15:45:48.835685,40.36,rain
2025-11-06T15:46:02.407856,40.36,rain
2025-11-06T15:46:16.101725,40.36,rain
2025-11-06T15:46:29.686455,40.36,rain
2025-11-06T15:46:43.179143,40.36,rain
2025-11-06T15:46:56.771064,40.36,rain
2025-11-06T15:47:10.298665,40.36,rain
2025-11-06T15:47:23.554560,40.36,rain
2025-11-06T15:47:36.815040,40.36,rain
2025-11-06T15:47:50.204545,40.36,rain
2025-11-06T15:48:03.441722,40.36,rain
2025-11-06T15:48:16.704951,40.36,rain
2025-11-06T15:48:30.024767,40.36,rain
2025-11-06T15:48:43.292696,40.36,rain
2025-11-06T15:48:56.525804,40.36,rain
2025-11-06T15:49:09.674293,40.36,rain
2025-11-06T15:49:22.873764,40.36,rain
2025-11-06T15:49:36.020706,40.36,rain
2025-11-06T15:49:49.210657,40.36,rain
2025-11-06T15:50:02.419803,40.36,rain
2025-11-06T15:50:15.610377,40.36,rain
2025-11-06T15:50:28.752322,40.36,rain
2025-11-06T15:50:41.906469,40.36,rain
2025-11-06T15:50:55.047956,40.36,rain
2025-11-06T15:51:08.262806,40.36,rain
2025-11-06T15:51:21.475747,40.36,rain
2025-11-06T15:51:34.694296,40.36,rain
2025-11-06T15:51:48.012369,40.5,rain
2025-11-06T15:52:01.399751,40.5,rain
2025-11-06T15:52:14.755922,40.5,rain
2025-11-06T15:52:28.099372,40.5,rain
2025-11-06T15:52:41.545801,40.5,rain
2025-11-06T15:52:55.037009,40.5,rain
2025-11-06T15:53:08.505550,40.5,rain
2025-11-06T15:53:22.059816,40.5,rain
2025-11-06T15:53:35.532552,40.5,rain
2025-11-06T15:53:49.042202,40.5,rain
2025-11-06T15:54:02.620677,40.5,rain
2025-11-06T15:54:16.172230,40.5,rain
2025-11-06T15:54:29.512570,40.5,rain
2025-11-06T15:54:43.082261,40.5,rain
2025-11-06T15:54:56.584992,40.5,rain
2025-11-06T15:55:09.969955,40.5,rain
2025-11-06T15:55:23.351583,40.5,rain
2025-11-06T15:55:36.676391,40.5,rain
2025-11-06T15:55:50.106692,40.52,rain
2025-11-06T15:56:03.617491,40.52,rain
2025-11-06T15:56:17.202349,40.52,rain
2025-11-06T15:56:30.692756,40.52,rain
2025-11-06T15:56:44.095683,40.52,rain
2025-11-06T15:56:57.479463,40.52,rain
2025-11-06T15:57:10.729174,40.52,rain
2025-11-06T15:57:23.984277,40.52,rain
2025-11-06T15:57:37.314434,40.52,rain
2025-11-06T15:57:50.643413,40.52,rain
2025-11-06T15:58:03.857724,40.52,rain
2025-11-06T15:58:17.098912,40.52,rain
2025-11-06T15:58:30.289690,40.52,rain
2025-11-06T15:58:43.591708,40.52,rain
2025-11-06T15:58:56.957927,40.52,rain
2025-11-06T15:59:10.309600,40.52,rain
2025-11-06T15:59:23.625164,40.52,rain
2025-11-06T15:59:37.016711,40.52,rain
2025-11-06T15:59:50.455545,40.52,rain
2025-11-06T16:00:03.755465,40.52,rain
2025-11-06T16:00:17.118105,40.52,rain
2025-11-06T16:00:30.579459,40.52,rain
2025-11-06T16:00:44.082012,40.52,rain
2025-11-06T16:00:57.568365,40.52,rain
2025-11-06T16:01:10.947800,40.52,rain
2025-11-06T16:01:24.499351,40.52,rain
2025-11-06T16:01:37.948772,40.52,rain
2025-11-06T16:01:51.347482,40.52,rain
2025-11-06T16:02:04.869664,40.52,rain
2025-11-06T16:02:18.263247,40.52,rain
2025-11-06T16:02:31.638350,40.52,rain
2025-11-06T16:02:45.967572,40.52,rain
2025-11-06T16:02:59.412488,40.52,rain
2025-11-06T16:03:12.851692,40.52,rain
2025-11-06T16:03:26.216518,40.52,rain
2025-11-06T16:03:39.537167,40.52,rain
2025-11-06T16:03:52.876608,40.52,rain
2025-11-06T16:04:06.228960,40.52,rain
2025-11-06T16:04:19.677573,40.52,rain
2025-11-06T16:04:33.139656,40.52,rain
2025-11-06T16:04:46.565669,40.52,rain
2025-11-06T16:05:00.049214,40.52,rain
2025-11-06T16:05:13.416326,40.52,rain
2025-11-06T16:05:26.829002,40.52,rain
2025-11-06T16:05:40.262994,40.52,rain
2025-11-06T16:05:53.633705,40.52,rain
2025-11-06T16:06:07.014129,40.52,rain
2025-11-06T16:06:20.364632,40.52,rain
2025-11-06T16:06:33.724212,40.52,rain
2025-11-06T16:06:47.076958,40.52,rain
2025-11-06T16:07:00.604070,40.52,rain
2025-11-06T16:07:14.125942,40.52,rain
2025-11-06T16:07:27.610193,40.52,rain
2025-11-06T16:07:41.068842,40.52,rain
2025-11-06T16:07:54.463171,40.52,rain
2025-11-06T16:08:07.831278,40.52,rain
2025-11-06T16:08:21.239041,40.52,rain
2025-11-06T16:08:34.624140,40.52,rain
2025-11-06T16:08:47.969904,40.52,rain
2025-11-06T16:09:01.252059,40.52,rain
2025-11-06T16:09:14.660677,40.52,rain
2025-11-06T16:09:28.098461,40.52,rain
2025-11-06T16:09:41.472490,40.52,rain
2025-11-06T16:09:54.874478,40.52,rain
2025-11-06T16:10:08.206977,40.52,rain
2025-11-06T16:10:21.507306,40.52,rain
2025-11-06T16:10:34.724609,40.52,rain
2025-11-06T16:10:47.996222,40.52,rain
2025-11-06T16:11:01.295751,40.52,rain
2025-11-06T16:11:14.673883,40.52,rain
2025-11-06T16:11:27.956569,40.52,rain
2025-11-06T16:11:41.272958,40.52,rain
2025-11-06T16:11:54.591369,40.52,rain
2025-11-06T16:12:07.852398,40.52,rain
2025-11-06T16:12:21.024807,40.52,rain
2025-11-06T16:12:34.253340,40.52,rain
2025-11-06T16:12:47.610595,40.58,rain
2025-11-06T16:13:01.041486,40.58,rain
2025-11-06T16:13:14.500937,40.58,rain
2025-11-06T16:13:27.981333,40.58,rain
2025-11-06T16:13:41.449553,40.58,rain
2025-11-06T16:13:54.790600,40.58,rain
2025-11-06T16:14:08.122834,40.58,rain
2025-11-06T16:14:21.584767,40.58,rain
2025-11-06T16:14:34.883464,40.58,rain
2025-11-06T16:14:48.225985,40.58,rain
2025-11-06T16:15:01.648699,40.58,rain
2025-11-06T16:15:15.063436,40.58,rain
2025-11-06T16:15:28.467248,40.58,rain
2025-11-06T16:15:41.799104,40.58,rain
2025-11-06T16:15:55.045734,40.58,rain
2025-11-06T16:16:08.340646,40.58,rain
2025-11-06T16:16:21.536878,40.58,rain
2025-11-06T16:16:34.797475,40.58,rain
2025-11-06T16:16:48.112915,40.58,rain
2025-11-06T16:17:01.434082,40.58,rain
2025-11-06T16:17:14.850575,40.58,rain
2025-11-06T16:17:28.111868,40.58,rain
2025-11-06T16:17:41.385232,40.58,rain
2025-11-06T16:17:54.497447,40.58,rain
2025-11-06T16:18:07.682612,40.58,rain
2025-11-06T16:18:20.932066,40.58,rain
2025-11-06T16:18:34.199143,40.58,rain
2025-11-06T16:18:47.415354,40.58,rain
2025-11-06T16:19:00.652755,40.58,rain
2025-11-06T16:19:13.976840,40.58,rain
2025-11-06T16:19:27.221574,40.58,rain
2025-11-06T16:19:40.448824,40.58,rain
2025-11-06T16:19:53.655994,40.58,rain
2025-11-06T16:20:06.833824,40.58,rain
2025-11-06T16:20:20.017949,40.58,rain
2025-11-06T16:20:33.140709,40.58,rain
2025-11-06T16:20:46.365372,40.58,rain
2025-11-06T16:20:59.569397,40.58,rain
2025-11-06T16:21:12.738421,40.58,rain
2025-11-06T16:21:25.926046,40.58,rain
2025-11-06T16:21:39.125602,40.58,rain
2025-11-06T16:21:52.318310,40.58,rain
2025-11-06T16:22:05.472070,40.58,rain
2025-11-06T16:22:18.675723,40.58,rain
2025-11-06T16:22:31.922325,40.58,rain
2025-11-06T16:22:45.149928,40.58,rain
2025-11-06T16:22:58.387070,40.58,rain
2025-11-06T16:23:11.582074,40.58,rain
2025-11-06T16:23:24.800699,40.58,rain
2025-11-06T16:23:38.036797,40.58,rain
2025-11-06T16:23:51.276633,40.58,rain
2025-11-06T16:24:04.436505,40.58,rain
2025-11-06T16:24:17.673745,40.58,rain
2025-11-06T16:24:30.912220,40.58,rain
2025-11-06T16:24:44.095472,40.58,rain
2025-11-06T16:24:57.270332,40.58,rain
2025-11-06T16:25:10.440646,40.58,rain
2025-11-06T16:25:23.629063,40.58,rain
2025-11-06T16:25:36.858548,40.58,rain
2025-11-06T16:25:50.030990,40.58,rain
2025-11-06T16:26:03.199427,40.58,rain
2025-11-06T16:26:16.358484,40.58,rain
2025-11-06T16:26:29.493017,40.58,rain
2025-11-06T16:26:42.561548,40.58,rain
2025-11-06T16:26:55.617975,40.58,rain
2025-11-06T16:27:08.624828,40.58,rain
2025-11-06T16:27:21.708076,40.58,rain
2025-11-06T16:27:34.894486,40.58,rain
2025-11-06T16:27:47.983204,40.58,rain
2025-11-06T16:28:01.195930,40.58,rain
2025-11-06T16:28:14.309355,40.58,rain
2025-11-06T16:28:27.460306,40.58,rain
2025-11-06T16:28:40.652168,40.58,rain
2025-11-06T16:28:53.658328,40.58,rain
2025-11-06T16:29:06.638338,40.58,rain
2025-11-06T16:29:19.700174,40.58,rain
2025-11-06T16:29:32.778778,40.58,rain
2025-11-06T16:29:45.813712,40.58,rain
2025-11-06T16:29:58.824754,40.58,rain
2025-11-06T16:30:11.872332,40.58,rain
2025-11-06T16:30:25.019625,40.58,rain
2025-11-06T16:30:38.172842,40.58,rain
2025-11-06T16:30:51.329969,40.58,rain
2025-11-06T16:31:04.361622,40.58,rain
2025-11-06T16:31:17.473523,40.58,rain
2025-11-06T16:31:30.651623,40.58,rain
2025-11-06T16:31:43.781472,40.58,rain
2025-11-06T16:31:56.933387,40.58,rain
2025-11-06T16:32:10.040680,40.58,rain
2025-11-06T16:32:23.279768,40.58,rain
2025-11-06T16:32:36.367053,40.58,rain
2025-11-06T16:32:49.546203,40.58,rain
2025-11-06T16:33:02.660263,40.58,rain
2025-11-06T16:33:15.724763,40.58,rain
2025-11-06T16:33:28.979308,40.58,rain
2025-11-06T16:33:42.210318,40.58,rain
2025-11-06T16:33:55.221053,40.58,rain
2025-11-06T16:34:08.251111,40.58,rain
2025-11-06T16:34:21.258414,40.58,rain
2025-11-06T16:34:34.200386,40.58,rain
2025-11-06T16:34:47.186032,40.58,rain
2025-11-06T16:35:00.070950,40.58,rain
2025-11-06T16:35:13.099432,40.58,rain
2025-11-06T16:35:26.130437,40.58,rain
2025-11-06T16:35:39.079273,40.58,rain
2025-11-06T16:35:52.043894,40.58,rain
2025-11-06T16:36:04.903577,40.58,rain
2025-11-06T16:36:17.792084,40.58,rain
2025-11-06T16:36:30.676772,40.58,rain
2025-11-06T16:36:43.506901,40.58,rain
2025-11-06T16:36:56.422731,40.58,rain
2025-11-06T16:37:09.419256,40.58,rain
2025-11-06T16:37:22.458191,40.58,rain
2025-11-06T16:37:35.495704,40.58,rain
2025-11-06T16:37:48.532064,40.58,rain
2025-11-06T16:38:01.517301,40.58,rain
2025-11-06T16:38:14.299932,40.58,rain
2025-11-06T16:38:27.090275,40.58,rain
2025-11-06T16:38:39.848685,40.58,rain
2025-11-06T16:38:52.534376,40.58,rain
2025-11-06T16:39:05.207492,40.58,rain
2025-11-06T16:39:17.863607,40.58,rain
2025-11-06T16:39:30.540827,40.58,rain
2025-11-06T16:39:43.188959,40.58,rain
2025-11-06T16:39:56.019197,40.58,rain
2025-11-06T16:40:08.912839,40.58,rain
2025-11-06T16:40:21.804336,40.58,rain
2025-11-06T16:40:34.642520,40.58,rain
2025-11-06T16:40:47.440349,40.58,rain
2025-11-06T16:41:00.280110,40.58,rain
2025-11-06T16:41:13.061282,40.58,rain
2025-11-06T16:41:25.852861,40.58,rain
2025-11-06T16:41:38.674651,40.58,rain
2025-11-06T16:41:51.514157,40.58,rain
2025-11-06T16:42:04.362159,40.58,rain
2025-11-06T16:42:17.101913,40.58,rain
2025-11-06T16:42:29.940036,40.58,rain
2025-11-06T16:42:42.657030,40.58,rain
2025-11-06T16:42:55.380010,40.58,rain
2025-11-06T16:43:08.072871,40.58,rain
2025-11-06T16:43:20.850871,40.58,rain
2025-11-06T16:43:33.676799,40.58,rain
2025-11-06T16:43:46.444893,40.58,rain
2025-11-06T16:43:59.180520,40.58,rain
2025-11-06T16:44:11.884992,40.58,rain
2025-11-06T16:44:24.600140,40.58,rain
2025-11-06T16:44:37.354968,40.58,rain
2025-11-06T16:44:50.086059,40.58,rain
2025-11-06T16:45:02.863815,40.58,rain
2025-11-06T16:45:15.585251,40.58,rain
2025-11-06T16:45:28.285894,40.58,rain
2025-11-06T16:45:41.022022,40.58,rain
2025-11-06T16:45:53.694191,40.58,rain
2025-11-06T16:46:06.468129,40.58,rain
2025-11-06T16:46:19.238097,40.58,rain
2025-11-06T16:46:31.892531,40.58,rain
2025-11-06T16:46:44.580664,40.58,rain
2025-11-06T16:46:57.338984,40.58,rain
2025-11-06T16:47:10.090962,40.58,rain
2025-11-06T16:47:22.942771,40.58,rain
2025-11-06T16:47:35.537755,40.58,rain
2025-11-06T16:47:48.170378,40.58,rain
2025-11-06T16:48:00.766265,40.58,rain
2025-11-06T16:48:13.376851,40.58,rain
2025-11-06T16:48:25.954814,40.58,rain
2025-11-06T16:48:38.502968,40.58,rain
2025-11-06T16:48:51.110370,40.58,rain
2025-11-06T16:49:03.825202,40.58,rain
2025-11-06T16:49:16.656444,40.58,rain
2025-11-06T16:49:29.459708,40.58,rain
2025-11-06T16:49:42.341155,40.58,rain
2025-11-06T16:49:55.195887,40.58,rain
2025-11-06T16:50:07.958662,40.58,rain
2025-11-06T16:50:20.629248,40.58,rain
2025-11-06T16:50:33.299266,40.58,rain
2025-11-06T16:50:46.021997,40.58,rain
2025-11-06T16:50:58.680747,40.58,rain
2025-11-06T16:51:11.347702,40.58,rain
2025-11-06T16:51:23.934288,40.58,rain
2025-11-06T16:51:36.647610,40.58,rain
2025-11-06T16:51:49.312812,40.58,rain
2025-11-06T16:52:01.896706,40.58,rain
2025-11-06T16:52:14.529600,40.58,rain
2025-11-06T16:52:27.159200,40.58,rain
2025-11-06T16:52:39.814639,40.58,rain
2025-11-06T16:52:52.641934,40.58,rain
2025-11-06T16:53:05.332006,40.58,rain
2025-11-06T16:53:18.014252,40.58,rain
2025-11-06T16:53:30.687525,40.58,rain
2025-11-06T16:53:43.253828,40.58,rain
2025-11-06T16:53:55.802996,40.58,rain
2025-11-06T16:54:08.356589,40.58,rain
2025-11-06T16:54:20.949679,40.58,rain
2025-11-06T16:54:33.504017,40.58,rain
2025-11-06T16:54:46.001826,40.58,rain
2025-11-06T16:54:58.345223,40.58,rain
2025-11-06T16:55:10.430828,40.58,rain
2025-11-06T16:55:23.155141,40.58,rain
2025-11-06T16:55:35.855580,40.58,rain
2025-11-06T16:55:48.474105,40.58,rain
2025-11-06T16:56:01.158650,40.58,rain
2025-11-06T16:56:13.736149,40.58,rain
2025-11-06T16:56:26.331624,40.58,rain
2025-11-06T16:56:38.933560,40.58,rain
2025-11-06T16:56:51.502752,40.58,rain
2025-11-06T16:57:03.834511,40.58,rain
2025-11-06T16:57:16.131885,40.58,rain
2025-11-06T16:57:28.891418,40.58,rain
2025-11-06T16:57:41.598962,40.58,rain
2025-11-06T16:57:54.215897,40.58,rain
2025-11-06T16:58:06.923153,40.58,rain
2025-11-06T16:58:19.632635,40.58,rain
2025-11-06T16:58:32.340155,40.58,rain
2025-11-06T16:58:44.860790,40.58,rain
2025-11-06T16:58:57.107637,40.58,rain
2025-11-06T16:59:09.080015,40.58,rain
2025-11-06T16:59:21.912729,40.58,rain
2025-11-06T16:59:34.665618,40.58,rain
2025-11-06T16:59:47.360105,40.58,rain
2025-11-06T17:00:00.020031,40.58,rain
2025-11-06T17:00:12.659596,40.58,rain
2025-11-06T17:00:24.860214,40.58,rain
2025-11-06T17:00:36.619394,40.58,rain
2025-11-06T17:00:48.911502,40.59,rain
2025-11-06T17:01:01.810740,40.59,rain
2025-11-06T17:01:14.619259,40.59,rain
2025-11-06T17:01:27.285580,40.59,rain
2025-11-06T17:01:40.264920,40.59,rain
2025-11-06T17:01:53.183702,40.59,rain
2025-11-06T17:02:05.401433,40.59,rain
2025-11-06T17:02:17.114999,40.59,rain
2025-11-06T17:02:29.342752,40.59,rain
2025-11-06T17:02:42.187192,40.59,rain
2025-11-06T17:02:54.888838,40.59,rain
2025-11-06T17:03:07.049213,40.59,rain
2025-11-06T17:03:18.711485,40.59,rain
2025-11-06T17:03:30.355187,40.59,rain
2025-11-06T17:03:41.705223,40.59,rain
2025-11-06T17:03:53.062005,40.59,rain
2025-11-06T17:04:04.589952,40.59,rain
2025-11-06T17:04:17.559629,40.59,rain
2025-11-06T17:04:30.431708,40.59,rain
2025-11-06T17:04:43.170961,40.59,rain
2025-11-06T17:04:55.352356,40.59,rain
2025-11-06T17:05:07.026960,40.59,rain
2025-11-06T17:05:18.600100,40.59,rain
2025-11-06T17:05:30.109642,40.59,rain
2025-11-06T17:05:41.525498,40.59,rain
2025-11-06T17:05:53.015076,40.59,rain
2025-11-06T17:06:04.400410,40.59,rain
2025-11-06T17:06:15.760413,40.59,rain
2025-11-06T17:06:27.228057,40.59,rain
2025-11-06T17:06:38.669459,40.59,rain
2025-11-06T17:06:50.223259,40.59,rain
2025-11-06T17:07:01.990260,40.59,rain
2025-11-06T17:07:13.716181,40.59,rain
2025-11-06T17:07:25.367567,40.59,rain
2025-11-06T17:07:36.987145,40.59,rain
2025-11-06T17:07:48.729724,40.59,rain
2025-11-06T17:08:00.325584,40.59,rain
2025-11-06T17:08:11.965629,40.59,rain
2025-11-06T17:08:23.581611,40.59,rain
2025-11-06T17:08:35.388935,40.59,rain
2025-11-06T17:08:47.532826,40.59,rain
2025-11-06T17:08:59.564440,40.59,rain
2025-11-06T17:09:11.468004,40.59,rain
2025-11-06T17:09:23.440856,40.59,rain
2025-11-06T17:09:35.276872,40.59,rain
2025-11-06T17:09:47.132884,40.59,rain
2025-11-06T17:09:59.242205,40.59,rain
2025-11-06T17:10:11.286921,40.59,rain
2025-11-06T17:10:23.193401,40.59,rain
2025-11-06T17:10:35.138631,40.59,rain
2025-11-06T17:10:47.005188,40.59,rain
2025-11-06T17:10:58.876875,40.59,rain
2025-11-06T17:11:10.835538,40.59,rain
2025-11-06T17:11:22.760436,40.59,rain
2025-11-06T17:11:34.699656,40.59,rain
2025-11-06T17:11:46.718574,40.59,rain
2025-11-06T17:11:58.791880,40.59,rain
2025-11-06T17:12:10.998773,40.59,rain
2025-11-06T17:12:23.132651,40.59,rain
2025-11-06T17:12:35.358242,40.59,rain
2025-11-06T17:12:47.654284,40.59,rain
2025-11-06T17:12:59.984876,40.59,rain
2025-11-06T17:13:12.285348,40.59,rain
2025-11-06T17:13:24.745233,40.59,rain
2025-11-06T17:13:37.088315,40.59,rain
2025-11-06T17:13:49.599922,40.59,rain
2025-11-06T17:14:01.979303,40.59,rain
2025-11-06T17:14:14.290566,40.59,rain
2025-11-06T17:14:26.698188,40.59,rain
2025-11-06T17:14:39.297015,40.59,rain
2025-11-06T17:14:51.979498,40.59,rain
2025-11-06T17:15:04.669317,40.59,rain
2025-11-06T17:15:17.297645,40.59,rain
2025-11-06T17:15:29.860478,40.59,rain
2025-11-06T17:15:42.493064,40.59,rain
2025-11-06T17:15:55.164011,40.59,rain
2025-11-06T17:16:07.760995,40.59,rain
2025-11-06T17:16:20.530237,40.59,rain
2025-11-06T17:16:33.277369,40.59,rain
2025-11-06T17:16:46.091105,40.59,rain
2025-11-06T17:16:58.876920,40.59,rain
2025-11-06T17:17:11.823824,40.59,rain
2025-11-06T17:17:24.640794,40.59,rain
2025-11-06T17:17:37.404738,40.59,rain
2025-11-06T17:17:50.288558,40.59,rain
2025-11-06T17:18:03.181924,40.59,rain
2025-11-06T17:18:16.081820,40.59,rain
2025-11-06T17:18:29.002500,40.59,rain
2025-11-06T17:18:41.908691,40.59,rain
2025-11-06T17:18:54.844289,40.59,rain
2025-11-06T17:19:07.820864,40.59,rain
2025-11-06T17:19:21.008051,40.59,rain
2025-11-06T17:19:34.216946,40.59,rain
2025-11-06T17:19:47.561362,40.59,rain
2025-11-06T17:20:00.807975,40.59,rain
2025-11-06T17:20:14.158601,40.59,rain
2025-11-06T17:20:27.478882,40.59,rain
2025-11-06T17:20:40.979861,40.77,rain
2025-11-06T17:20:54.534196,40.77,rain
2025-11-06T17:21:08.047539,40.77,rain
2025-11-06T17:21:21.616320,40.77,rain
2025-11-06T17:21:35.133477,40.77,rain
2025-11-06T17:21:48.617142,40.77,rain
2025-11-06T17:22:02.026401,40.77,rain
2025-11-06T17:22:15.498742,40.77,rain
2025-11-06T17:22:29.072876,40.77,rain
2025-11-06T17:22:42.687102,40.77,rain
2025-11-06T17:22:56.186534,40.77,rain
2025-11-06T17:23:09.663097,40.77,rain
2025-11-06T17:23:23.167431,40.77,rain
2025-11-06T17:23:36.456639,40.77,rain
2025-11-06T17:23:49.945805,40.77,rain
2025-11-06T17:24:03.244608,40.77,rain
2025-11-06T17:24:16.649227,40.77,rain
2025-11-06T17:24:30.762571,40.77,rain
2025-11-06T17:24:44.703155,40.77,rain
2025-11-06T17:24:58.344206,40.77,rain
2025-11-06T17:25:12.106165,40.77,rain
2025-11-06T17:25:25.798021,40.77,rain
